Workbook

Sheet Istruzioni
B1: Comune di Ottaviano – Settore Urbanistica ed Edilizia Privata
B2: Scheda anonima di istruttoria – Istruzioni di compilazione (v1, 20/10/2026)
B3: Istruttoria di supporto: decisione e firma restano al responsabile del procedimento.
B5: A cosa serve
B6: La scheda contiene solo dati oggettivi della pratica. Viene letta da Claude (Project «Valutazione Pratiche Urbanistiche») che la confronta con la sintesi normativa e prepara il parere di fattibilità. Una scheda = una pratica = una chat.
B7: Come compilare (pochi minuti)
B8: 1. Compilare il foglio «Scheda», colonna D «Valore da compilare». Dove c'è la freccia del menu a tendina, scegliere un valore dall'elenco; non digitare altro.
B9: 2. Cominciare dal blocco A (codice pratica, tipo di procedimento, qualificazione). Dal tipo di procedimento e dalla qualificazione dipende quali campi sono richiesti.
B10: 3. Rispondere agli 8 interruttori «Sezione … pertinente?» (blocchi H, I, K, L, M, N, S, P): «No» salta l'intera sezione (le righe diventano grigie); «Sì» richiede i suoi campi.
B11: 4. La colonna «Obbligatorio per» dice per quali procedimenti il campo serve. Le sigle tra parentesi quadre: [parametri] = intervento che incide su volumi, sagoma, superfici; [uso/carico] = può cambiare destinazione d'uso o carico insediativo; [dem.-ric.] = demolizione e ricostruzione; [tetto] = intervento «tetto». Le qualificazioni con questi flag sono nel foglio «Elenchi».
B12: 5. Le celle rosse sono dati obbligatori mancanti; le gialle sono dati dichiarati «non noti». In alto alla scheda c'è il conteggio. Il foglio «Controlli» elenca i campi e le segnalazioni automatiche.
B13: 6. Le celle grigio-azzurre (corsivo) sono precompilate o calcolate: non modificarle. I dati noti per Ottaviano (zona sismica 2, zona rossa, vincolo paesaggistico su tutto il territorio, PSAI 2015, delibera oneri n. 17/2025) stanno nel blocco Z.
... B29: ESEMPIO FITTIZIO: dati inventati, solo per collaudo. Nessun riferimento a pratiche o persone reali.

Sheet Scheda_1
C1: Comune di Ottaviano – Settore Urbanistica ed Edilizia Privata
C2: Esempio 1 – SCIA cambio d'uso senza opere – valutazione pratiche urbanistiche (v1)
C3: Istruttoria di supporto: decisione e firma restano al responsabile del procedimento. Nessun dato personale.
C5: ="Dati obbligatori mancanti: "&Controlli_1!$B$13&" – dati dichiarati «non noti»: "&Controlli_1!$B$14&" – campi richiesti per questo procedimento: "&Controlli_1!$B$11 -> Dati obbligatori mancanti: 0 – dati dichiarati «non noti»: 0 – campi richiesti per questo procedimento: 41
A6: Codice | B6: Sezione | C6: Campo | D6: Valore da compilare | E6: Unità | F6: Obbligatorio per | G6: Nota (riferimento alla sintesi normativa) | H6: Stato
A7: Z – Dati noti per Ottaviano (precompilati, non modificare)
A8: Costanti del Comune: non vanno compilate.
A9: Z01 | B9: Dati noti per Ottaviano | C9: Zona sismica | D9: 2 | F9: — | G9: Sez. 14.7, 24 (conferma dell'utente) | H9: =Controlli_1!$L$33
A10: Z02 | B10: Dati noti per Ottaviano | C10: Zona rossa vesuviana (LR 21/2003) | D10: Sì – Ottaviano compreso | F10: — | G10: Sez. 17; la LR 21/2003 resta in vigore (PPR non in vigore: sez. 8 n. 28) | H10: =Controlli_1!$L$34
A11: Z03 | B11: Dati noti per Ottaviano | C11: Vincolo paesaggistico | D11: Intero territorio (art. 134 lett. b/c; art. 142 lett. f, l D.Lgs 42/04; D.M. 02/09/1961) | F11: — | G11: Sez. 13, 37.1 | H11: =Controlli_1!$L$35
A12: Z04 | B12: Dati noti per Ottaviano | C12: PSAI vigente | D12: Versione 2015 (Delib. C.I. n. 1 del 23/02/2015): si valuta il solo rischio | F12: — | G12: Sez. 5, 5 bis; CLAUDE.md sez. 4 | H12: =Controlli_1!$L$36
A13: Z05 | B13: Dati noti per Ottaviano | C13: Funzioni sismiche | D13: Commissione sismica comunale attiva | F13: — | G13: Sez. 36; sez. 8 n. 28 | H13: =Controlli_1!$L$37
A14: Z06 | B14: Dati noti per Ottaviano | C14: Delibera oneri e K2 | D14: Delibera n. 17 del 15/12/2025; K2 = 0,59 | F14: — | G14: Sez. 29, 8 n. 22 e 27 | H14: =Controlli_1!$L$38
A15: Z07 | B15: Dati noti per Ottaviano | C15: Prevalenza NTA / RUEC | D15: Tra NTA e RUEC prevalgono le NTA | F15: — | G15: CLAUDE.md sez. 2 punto 4; sez. 8 n. 1 e 27 | H15: =Controlli_1!$L$39
A16: A – Procedimento
A17: Sempre da compilare.
A18: A01 | B18: Procedimento | C18: Codice pratica anonimo (scelto dall'ufficio, senza nomi né numeri di protocollo identificativi) | D18: ESEMPIO-FITTIZIO-01 | F18: Tutti | G18: Sez. 10 A | H18: =Controlli_1!$L$40 -> ok | I18: 1
A19: A02 | B19: Procedimento | C19: Tipo di procedimento | D19: SCIA | F19: Tutti | G19: Sez. 10 A1; 7, 12, 14, 32 | H19: =Controlli_1!$L$41 -> ok | I19: 1
A20: A03 | B20: Procedimento | C20: Qualificazione dell'intervento (DPR 380/2001) | D20: Cambio d'uso senza opere | F20: Ordinari; Accertamento | G20: Sez. 10 A2; 14.1, 28.3, 32. Per i condoni vale la tipologia di illecito (sez. H) | H20: =Controlli_1!$L$42 -> ok | I20: 1
A21: A04 | B21: Procedimento | C21: Descrizione sintetica delle opere (solo dati tecnici, nessun dato personale) | D21: ESEMPIO FITTIZIO: cambio di destinazione d'uso senza opere di un'unità di 85 mq al piano terra, da ufficio (terziario) a negozio (commerciale). | F21: Ordinari; Condoni; Accertamento | G21: Sez. 10 A3 | H21: =Controlli_1!$L$43 -> ok | I21: 1
A22: A05 | B22: Procedimento | C22: Data di presentazione della domanda / del titolo | D22: 46279 | F22: Tutti | G22: Sez. 10 A4; 14.2; per la SCIA/CILA decorrenza della delibera oneri (29.1) | H22: =Controlli_1!$L$44 -> ok | I22: 1
A23: A06 | B23: Procedimento | C23: Data di rilascio del PdC (solo PdC; decorrenza della delibera oneri) | F23: Ordinari – solo se PdC | G23: Sez. 10 A4; 29.1 | H23: =Controlli_1!$L$45 | I23: 1
A24: B – Localizzazione urbanistica e vincoli
A25: Tutto il territorio è vincolato paesaggisticamente (costante Z03): qui solo ciò che varia da pratica a pratica.
A26: B01 | B26: Localizzazione urbanistica e vincoli | C26: Ambito PUC (articolo NTA) | D26: Art. 15 – Urbani consolidati | F26: Ordinari; Condoni; Accertamento | G26: Sez. 3, 28, 35.0 | H26: =Controlli_1!$L$46 -> ok | I26: 1
A27: B02 | B27: Localizzazione urbanistica e vincoli | C27: Zona omogenea A-F di default (calcolata dall'ambito) | D27: =IFERROR(VLOOKUP(Scheda_1!$D$26,Elenchi!$J$2:$N$40,3,FALSE())&"","") -> B | F27: — | G27: Sez. 35.0 (assimilazione, non norma). Cella calcolata: non compilare | H27: =Controlli_1!$L$47 | I27: 1
A28: B03 | B28: Localizzazione urbanistica e vincoli | C28: Zona omogenea A-F, se nota (prevale sul default dell'ambito) | F28: Facoltativo | G28: Sez. 35.0 e 35.6: la zona della scheda prevale | H28: =Controlli_1!$L$48 | I28: 1
A29: B04 | B29: Localizzazione urbanistica e vincoli | C29: Zona omogenea applicata (calcolata) | D29: =IF(Scheda_1!$D$28<>"",Scheda_1!$D$28,Scheda_1!$D$27) -> B | F29: — | G29: Cella calcolata: zona della scheda, altrimenti default dell'ambito. Se vuota e serve il K3, il parere la elenca come dato mancante | H29: =Controlli_1!$L$49 | I29: 1
A30: B05 | B30: Localizzazione urbanistica e vincoli | C30: Zona PTP | D30: Fuori perimetro PTP | F30: Ordinari; Condoni; Accertamento | G30: Sez. 4; NTA art. 3 c. 2-3 | H30: =Controlli_1!$L$50 -> ok | I30: 1
A31: B06 | B31: Localizzazione urbanistica e vincoli | C31: Rapporto con il Parco Nazionale del Vesuvio | D31: Fuori | F31: Ordinari; Condoni; Accertamento | G31: Sez. 4, 32.2 (nulla osta Ente Parco) | H31: =Controlli_1!$L$51 -> ok | I31: 1
A32: B07 | B32: Localizzazione urbanistica e vincoli | C32: Interessa SIC/ZPS | D32: No | F32: Ordinari; Condoni; Accertamento | G32: Sez. 4 | H32: =Controlli_1!$L$52 -> ok | I32: 1
A33: B08 | B33: Localizzazione urbanistica e vincoli | C33: Area boscata | D33: No | F33: Ordinari; Condoni; Accertamento | G33: Sez. 4 | H33: =Controlli_1!$L$53 -> ok | I33: 1
A34: B09 | B34: Localizzazione urbanistica e vincoli | C34: Area archeologica | D34: No | F34: Ordinari; Condoni; Accertamento | G34: Sez. 4 | H34: =Controlli_1!$L$54 -> ok | I34: 1
A35: B10 | B35: Localizzazione urbanistica e vincoli | C35: Immobile bene culturale (art. 10 D.Lgs 42/04) o soggetto a tutela indiretta (artt. 45-47) | D35: No | F35: Ordinari; Condoni; Accertamento | G35: Sez. 10 B7 e B10; 13.5, 13.8 | H35: =Controlli_1!$L$55 -> ok | I35: 1
A36: B11 | B36: Localizzazione urbanistica e vincoli | C36: Fascia di rispetto interessata | F36: Ordinari [parametri]; Condoni; Accertamento [parametri] | G36: Sez. 4; 8 n. 2 (fasce stradali). Se più di una, indicarle nella descrizione | H36: =Controlli_1!$L$56 | I36: 1
A37: B12 | B37: Localizzazione urbanistica e vincoli | C37: Distanza dalla fascia / dall'elemento vincolante | E37: m | F37: Ordinari [parametri]; Accertamento [parametri] – solo se c'è una fascia | G37: Sez. 10 B8 | H37: =Controlli_1!$L$57 | I37: 1
A38: B13 | B38: Localizzazione urbanistica e vincoli | C38: Vincolo paesaggistico rafforzato (provvedimento specifico oltre al vincolo generale) | D38: No | F38: Ordinari; Condoni; Accertamento | G38: Sez. 13.8 | H38: =Controlli_1!$L$58 -> ok | I38: 1
A39: B14 | B39: Localizzazione urbanistica e vincoli | C39: Data di istituzione del vincolo paesaggistico applicabile all'immobile | F39: Condoni; Accertamento | G39: OBBLIGATORIO: CLAUDE.md sez. 4; sez. 12.3, 12.9. Va confrontata con la data delle opere (Controlli) | H39: =Controlli_1!$L$59 | I39: 1
A40: B15 | B40: Localizzazione urbanistica e vincoli | C40: Data di istituzione del vincolo del Parco (o «non applicabile» se fuori Parco) | F40: Condoni; Accertamento | G40: OBBLIGATORIO: sez. 10 B11 | H40: =Controlli_1!$L$60 | I40: 1
A41: B16 | B41: Localizzazione urbanistica e vincoli | C41: Data di istituzione di altri vincoli presenti (idrogeologico, archeologico, ecc.; o «non applicabile») | F41: Condoni; Accertamento | G41: OBBLIGATORIO: sez. 10 B11 | H41: =Controlli_1!$L$61 | I41: 1
A42: B17 | B42: Localizzazione urbanistica e vincoli | C42: Allegato A o B del DPR 31/2017 applicabile | D42: Nessuna voce | F42: Ordinari; Accertamento | G42: Sez. 13.6, 13.8 | H42: =Controlli_1!$L$62 -> ok | I42: 1
A43: B18 | B43: Localizzazione urbanistica e vincoli | C43: Voce dell'Allegato (es. B.16) | F43: Ordinari; Accertamento – solo se Allegato A o B | G43: Sez. 13.6 | H43: =Controlli_1!$L$63 | I43: 1
A44: C – Rischi (PSAI, vulcanico, sismico)
A45: Per il PSAI si indica solo la classe di RISCHIO (la pericolosità non si considera).
A46: C01 | B46: Rischi | C46: Rischio idraulico (PSAI) | D46: Nessuno | F46: Ordinari; Condoni; Accertamento | G46: Sez. 5, 5 bis; 10 C13 | H46: =Controlli_1!$L$64 -> ok | I46: 1
A47: C02 | B47: Rischi | C47: Rischio frana (PSAI) | D47: Nessuno | F47: Ordinari; Condoni; Accertamento | G47: Sez. 5; 10 C14 (R3/R4 anche per art. 33 quater LR 16/2004) | H47: =Controlli_1!$L$65 -> ok | I47: 1
A48: C03 | B48: Rischi | C48: Edificio in area a rischio | F48: Ordinari; Condoni; Accertamento – solo se c'è un rischio | G48: Sez. 10 C15 | H48: =Controlli_1!$L$66 | I48: 1
A49: C04 | B49: Rischi | C49: Presenza di cavità o sinkholes | F49: Ordinari [parametri]; Accertamento [parametri] | G49: Sez. 10 C16 | H49: =Controlli_1!$L$67 | I49: 1
A50: C05 | B50: Rischi | C50: Distanza da alvei/argini | E50: m | F50: Ordinari [parametri]; Accertamento [parametri] | G50: Sez. 10 C16 | H50: =Controlli_1!$L$68 | I50: 1
A51: C06 | B51: Rischi | C51: Rischio vulcanico/sismico segnalato dalle carte del PUC (P4.1, P4.3) | F51: Ordinari [parametri]; Accertamento [parametri] | G51: Sez. 10 C17; NTA art. 16 c. 2 | H51: =Controlli_1!$L$69 | I51: 1
A52: C07 | B52: Rischi | C52: Lavori su parti strutturali | D52: No | F52: Ordinari; Accertamento | G52: Sez. 14.7, 24 | H52: =Controlli_1!$L$70 -> ok | I52: 1
A53: C08 | B53: Rischi | C53: Categoria dell'intervento ai fini sismici | F53: Ordinari; Accertamento – solo se lavori strutturali | G53: Sez. 24 | H53: =Controlli_1!$L$71 | I53: 1
A54: D – Stato legittimo e difformità
A55: D01 | B55: Stato legittimo e difformità | C55: Titolo originario dell'edificio | D55: Permesso di costruire / licenza / concessione | F55: Ordinari; Agibilità; Accertamento | G55: Sez. 10 D19; 14.8 | H55: =Controlli_1!$L$72 -> ok | I55: 1
A56: D02 | B56: Stato legittimo e difformità | C56: Data del titolo originario (nessun numero di protocollo) | D56: 35927 | F56: Ordinari; Agibilità; Accertamento – solo se esiste un titolo | G56: Sez. 10 D19 | H56: =Controlli_1!$L$73 -> ok | I56: 1
A57: D03 | B57: Stato legittimo e difformità | C57: Epoca di costruzione | D57: Dopo il 1955 | F57: Ordinari; Condoni; Accertamento | G57: Sez. 3 (art. 15 c. 8: ante 1945/1955), 14.8 | H57: =Controlli_1!$L$74 -> ok | I57: 1
A58: D04 | B58: Stato legittimo e difformità | C58: Edificio già oggetto di condono rilasciato | D58: No | F58: Ordinari; Agibilità; Accertamento | G58: Sez. 10 D19; 12 | H58: =Controlli_1!$L$75 -> ok | I58: 1
A59: D05 | B59: Stato legittimo e difformità | C59: Stato legittimo | D59: Accertato | F59: Ordinari; Accertamento | G59: Sez. 14.8, 26 (LR 31/2021 art. 27 c. 4: «da acquisire d'ufficio») | H59: =Controlli_1!$L$76 -> ok | I59: 1
A60: D06 | B60: Stato legittimo e difformità | C60: Difformità presenti rispetto allo stato legittimo | D60: No | F60: Tutti | G60: Sez. 10 D20; 14.4 | H60: =Controlli_1!$L$77 -> ok | I60: 1
A61: D07 | B61: Stato legittimo e difformità | C61: Qualificazione proposta della difformità | F61: Tutti – solo se ci sono difformità | G61: Sez. 14.4 | H61: =Controlli_1!$L$78 | I61: 1
A62: D08 | B62: Stato legittimo e difformità | C62: Data di realizzazione dell'abuso / delle opere difformi | F62: Condoni; Accertamento | G62: Sez. 10 D21; 12.1, 14.5 | H62: =Controlli_1!$L$79 | I62: 1
A63: D09 | B63: Stato legittimo e difformità | C63: Data di ultimazione delle opere | F63: Condoni; Agibilità; Accertamento | G63: Sez. 10 D21; 12.1, 14.3 | H63: =Controlli_1!$L$80 | I63: 1
A64: D10 | B64: Stato legittimo e difformità | C64: Documentazione che prova la data | F64: Condoni; Accertamento | G64: Sez. 14.8; 12.5 | H64: =Controlli_1!$L$81 | I64: 1
A65: D11 | B65: Stato legittimo e difformità | C65: Superficie utile assentita dell'unità | E65: mq | F65: Accertamento – solo se ci sono difformità | G65: Tolleranze art. 34-bis: sez. 14.5 | H65: =Controlli_1!$L$82 | I65: 1
A66: D12 | B66: Stato legittimo e difformità | C66: Volume assentito | E66: mc | F66: Accertamento – solo se ci sono difformità | G66: Sez. 14.5, 14.8 | H66: =Controlli_1!$L$83 | I66: 1
A67: D13 | B67: Stato legittimo e difformità | C67: Volume realizzato | E67: mc | F67: Accertamento – solo se ci sono difformità | G67: Sez. 14.5, 14.8 | H67: =Controlli_1!$L$84 | I67: 1
A68: D14 | B68: Stato legittimo e difformità | C68: Superficie coperta assentita | E68: mq | F68: Accertamento – solo se ci sono difformità | G68: Sez. 14.5 | H68: =Controlli_1!$L$85 | I68: 1
A69: D15 | B69: Stato legittimo e difformità | C69: Superficie coperta realizzata | E69: mq | F69: Accertamento – solo se ci sono difformità | G69: Sez. 14.5 | H69: =Controlli_1!$L$86 | I69: 1
A70: D16 | B70: Stato legittimo e difformità | C70: Altezza assentita | E70: m | F70: Accertamento – solo se ci sono difformità | G70: Sez. 14.5 | H70: =Controlli_1!$L$87 | I70: 1
A71: D17 | B71: Stato legittimo e difformità | C71: Altezza realizzata | E71: m | F71: Accertamento – solo se ci sono difformità | G71: Sez. 14.5 | H71: =Controlli_1!$L$88 | I71: 1
A72: D18 | B72: Stato legittimo e difformità | C72: Distacco minimo assentito | E72: m | F72: Accertamento – solo se ci sono difformità | G72: Sez. 14.5 | H72: =Controlli_1!$L$89 | I72: 1
A73: D19 | B73: Stato legittimo e difformità | C73: Distacco minimo realizzato | E73: m | F73: Accertamento – solo se ci sono difformità | G73: Sez. 14.5 | H73: =Controlli_1!$L$90 | I73: 1
A74: D20 | B74: Stato legittimo e difformità | C74: Titoli o domande sulla stessa unità negli ultimi 5 anni (elenco: tipo e anno, senza estremi) | F74: Ordinari [parametri] | G74: Allegato 1 NTA art. 8 c. 2: sez. 28 | H74: =Controlli_1!$L$91 | I74: 1
A75: D21 | B75: Stato legittimo e difformità | C75: Uso agricolo del fondo documentato | F75: Ordinari; Condoni; Accertamento – solo in ambiti agricoli (artt. 7-12) | G75: NTA artt. 7-11: sez. 3 | H75: =Controlli_1!$L$92 | I75: 1
A76: D22 | B76: Stato legittimo e difformità | C76: Piano di sviluppo aziendale presentato (campo aggiunto) | F76: Ordinari – solo nuova costruzione in ambito agricolo | G76: Campo aggiunto rispetto alla sez. 10: NTA artt. 8, 9, 11 (sez. 3) | H76: =Controlli_1!$L$93 | I76: 1
A77: E – Parametri edilizi (stato di fatto → progetto)
A78: Compilare solo per gli interventi che cambiano volumi, superfici, usi o carico (vedi colonna «Obbligatorio per»).
A79: E01 | B79: Parametri edilizi | C79: Superficie fondiaria (S.F.) | E79: mq | F79: Ordinari [parametri]; Accertamento [parametri] | G79: Allegato 1 NTA: sez. 28 | H79: =Controlli_1!$L$94 | I79: 1
A80: E02 | B80: Parametri edilizi | C80: Superficie coperta (S.C.) – stato di fatto | E80: mq | F80: Ordinari [parametri]; Accertamento [parametri] | G80: Sez. 28 | H80: =Controlli_1!$L$95 | I80: 1
A81: E03 | B81: Parametri edilizi | C81: Superficie coperta (S.C.) – progetto | E81: mq | F81: Ordinari [parametri]; Accertamento [parametri] | G81: Sez. 28 | H81: =Controlli_1!$L$96 | I81: 1
A82: E04 | B82: Parametri edilizi | C82: Superficie utile (S.U.) – stato di fatto | E82: mq | F82: Ordinari [parametri]; Accertamento [parametri] | G82: Sez. 28 | H82: =Controlli_1!$L$97 | I82: 1
A83: E05 | B83: Parametri edilizi | C83: Superficie utile (S.U.) – progetto | E83: mq | F83: Ordinari [parametri]; Accertamento [parametri] | G83: Sez. 28 | H83: =Controlli_1!$L$98 | I83: 1
A84: E06 | B84: Parametri edilizi | C84: Volume (V.C.) – stato di fatto | E84: mc | F84: Ordinari [parametri]; Accertamento [parametri] | G84: Sez. 28 | H84: =Controlli_1!$L$99 | I84: 1
A85: E07 | B85: Parametri edilizi | C85: Volume (V.C.) – progetto | E85: mc | F85: Ordinari [parametri]; Accertamento [parametri] | G85: Sez. 28 | H85: =Controlli_1!$L$100 | I85: 1
A86: E08 | B86: Parametri edilizi | C86: Altezza (H.F./H.M.) – stato di fatto | E86: m | F86: Ordinari [parametri]; Accertamento [parametri] | G86: Sez. 28 | H86: =Controlli_1!$L$101 | I86: 1
A87: E09 | B87: Parametri edilizi | C87: Altezza (H.F./H.M.) – progetto | E87: m | F87: Ordinari [parametri]; Accertamento [parametri] | G87: Sez. 28 | H87: =Controlli_1!$L$102 | I87: 1
A88: E10 | B88: Parametri edilizi | C88: Numero piani (N.P.) – stato di fatto | E88: n. | F88: Ordinari [parametri]; Accertamento [parametri] | G88: Sez. 28 | H88: =Controlli_1!$L$103 | I88: 1
A89: E11 | B89: Parametri edilizi | C89: Numero piani (N.P.) – progetto | E89: n. | F89: Ordinari [parametri]; Accertamento [parametri] | G89: Sez. 28 | H89: =Controlli_1!$L$104 | I89: 1
A90: E12 | B90: Parametri edilizi | C90: Unità immobiliari – stato di fatto | D90: 1 | E90: n. | F90: Ordinari [uso/carico]; Accertamento [uso/carico] | G90: Sez. 10 E25 | H90: =Controlli_1!$L$105 -> ok | I90: 1
A91: E13 | B91: Parametri edilizi | C91: Unità immobiliari – progetto | D91: 1 | E91: n. | F91: Ordinari [uso/carico]; Accertamento [uso/carico] | G91: Sez. 10 E25 | H91: =Controlli_1!$L$106 -> ok | I91: 1
A92: E14 | B92: Parametri edilizi | C92: Volumetria originaria | E92: mc | F92: Ordinari [parametri]; Condoni; Accertamento [parametri] | G92: Sez. 10 E26; 13.8; 12 (ampliamenti %) | H92: =Controlli_1!$L$107 | I92: 1
A93: E15 | B93: Parametri edilizi | C93: Incremento proposto / eseguito | E93: mc | F93: Ordinari [parametri]; Accertamento [parametri] | G93: Sez. 10 E26 | H93: =Controlli_1!$L$108 | I93: 1
A94: E16 | B94: Parametri edilizi | C94: Incremento sulla volumetria originaria (calcolato) | D94: =IF(AND(ISNUMBER(Scheda_1!$D$92),ISNUMBER(Scheda_1!$D$93),Scheda_1!$D$92>0),Scheda_1!$D$93/Scheda_1!$D$92,"") | E94: % | F94: — | G94: Cella calcolata: non compilare | H94: =Controlli_1!$L$109 | I94: 1
A95: E17 | B95: Parametri edilizi | C95: Incrementi già eseguiti negli ultimi 5 anni | E95: mc | F95: Ordinari [parametri] | G95: Sez. 13.8; Allegato 1 NTA | H95: =Controlli_1!$L$110 | I95: 1
A96: E18 | B96: Parametri edilizi | C96: Aumento di carico insediativo | D96: No | F96: Ordinari [uso/carico]; Accertamento [uso/carico] | G96: Sez. 10 E27; 17.1 (zona rossa), 5 (PSAI) | H96: =Controlli_1!$L$111 -> ok | I96: 1
A97: E19 | B97: Parametri edilizi | C97: Entità dell'aumento (abitanti/addetti/utenti) | E97: n. | F97: Ordinari [uso/carico]; Accertamento [uso/carico] – solo se aumenta il carico | G97: Sez. 10 E27 | H97: =Controlli_1!$L$112 | I97: 1
A98: E20 | B98: Parametri edilizi | C98: Aumento di volumi abitabili o del numero di unità abitative | D98: No | F98: Ordinari [uso/carico]; Accertamento [uso/carico] | G98: Sez. 17.1 (divieto in zona rossa) | H98: =Controlli_1!$L$113 -> ok | I98: 1
A99: E21 | B99: Parametri edilizi | C99: Interrati o seminterrati | F99: Ordinari [parametri]; Accertamento [parametri] | G99: Sez. 10 E28; 5 bis (Allegato A3) | H99: =Controlli_1!$L$114 | I99: 1
A100: E22 | B100: Parametri edilizi | C100: Altezza netta dell'interrato/seminterrato | E100: m | F100: Ordinari [parametri]; Accertamento [parametri] – solo se ci sono interrati | G100: Sez. 10 E28 | H100: =Controlli_1!$L$115 | I100: 1
A101: E23 | B101: Parametri edilizi | C101: Quota dell'interrato rispetto al piano campagna | E101: m | F101: Ordinari [parametri]; Accertamento [parametri] – solo se ci sono interrati | G101: Sez. 10 E28 | H101: =Controlli_1!$L$116 | I101: 1
...

Sheet Controlli_1
A1: Controlli – dati mancanti e segnalazioni automatiche
A2: Le formule leggono il foglio «Scheda_1». Un campo obbligatorio vuoto è «MANCANTE» (rosso); «non noto» è accettato ma contato a parte. Le segnalazioni non sostituiscono la verifica del funzionario.
A3: Riepilogo
A4: Proc. | B4: =Scheda_1!$D$19&"" -> SCIA
A5: Gruppo | B5: =IFERROR(VLOOKUP(Scheda_1!$D$19,Elenchi!$A$2:$B$12,2,FALSE()),"") -> ORD | C5: Gruppo del procedimento (ORD / CON / AGI / ACC)
A6: Parametri | B6: =IFERROR(VLOOKUP(Scheda_1!$D$20,Elenchi!$D$2:$H$40,2,FALSE()),0) -> 0 | C6: Qualificazione con parametri edilizi (1 = sì)
A7: Uso/carico | B7: =IFERROR(VLOOKUP(Scheda_1!$D$20,Elenchi!$D$2:$H$40,3,FALSE()),0) -> 1 | C7: Qualificazione che può cambiare uso o carico (1 = sì)
A8: Dem.-ric. | B8: =IFERROR(VLOOKUP(Scheda_1!$D$20,Elenchi!$D$2:$H$40,4,FALSE()),0) -> 0 | C8: Demolizione e ricostruzione (1 = sì)
A9: Tetto | B9: =IFERROR(VLOOKUP(Scheda_1!$D$20,Elenchi!$D$2:$H$40,5,FALSE()),0) -> 0 | C9: Intervento «tetto» (1 = sì)
A11: Obbligatori | B11: =SUM(K33:K253) -> 41 | C11: campi richiesti per questo procedimento
A12: Compilati | B12: =COUNTIF(L33:L253,"ok") -> 41 | C12: campi richiesti e compilati
A13: MANCANTI | B13: =COUNTIF(L33:L253,"MANCANTE") -> 0 | C13: campi richiesti e vuoti
A14: Non noti | B14: =COUNTIF(L33:L253,"NON NOTO") -> 0 | C14: campi richiesti con valore «non noto»
A16: Segnalazioni automatiche (vuote = nessuna)
A17: Zona A-F | B17: =IF(Scheda_1!$D$29<>"","Zona applicata: "&Scheda_1!$D$29&IF(Scheda_1!$D$28<>""," (dalla scheda, prevale)"," (default dell'ambito, sez. 35.0)"),"Zona A-F non determinata: se serve il K3 indicarla nel campo «zona omogenea»") -> Zona applicata: B (default dell'ambito, sez. 35.0)
A18: Vincolo/opere | B18: =IF(OR($B$5="CON",$B$5="ACC"),IF(AND(ISNUMBER(Scheda_1!$D$39),ISNUMBER(Scheda_1!$D$62)),IF(Scheda_1!$D$39<=Scheda_1!$D$62,"Vincolo paesaggistico ANTERIORE alle opere (sez. 12.9, 13.2)","Vincolo paesaggistico POSTERIORE alle opere (sez. 12.9, 13.2)"),"Data di istituzione del vincolo o data delle opere mancante: confronto non possibile"),"")
A19: Sez. H | B19: =IF(AND($B$5="CON",Scheda_1!$D$145<>"Sì"),"ATTENZIONE: procedimento di condono, attivare la sezione H","")
A20: Sez. M | B20: =IF(AND(Scheda_1!$D$19="Edilizia libera",Scheda_1!$D$217<>"Sì"),"ATTENZIONE: edilizia libera, attivare la sezione M","")
A21: Sez. I | B21: =IF(AND(Scheda_1!$D$20="Recupero abitativo del sottotetto",Scheda_1!$D$171<>"Sì"),"ATTENZIONE: recupero del sottotetto, attivare la sezione I","")
A22: Sez. S | B22: =IF(AND(Scheda_1!$D$52="Sì",Scheda_1!$D$236<>"Sì"),"ATTENZIONE: lavori su parti strutturali, attivare la sezione S","")
A23: Sismica | B23: =IF(Scheda_1!$D$236<>"Sì","",IF(Scheda_1!$D$239="Sì","Autorizzazione sismica: Genio Civile (istanza già inoltrata prima del 01/11/2025, LR 26/2025)",IF(OR(AND(ISNUMBER(Scheda_1!$D$237),Scheda_1!$D$237>16.5),AND(ISNUMBER(Scheda_1!$D$238),Scheda_1!$D$238>4)),"Autorizzazione sismica: Genio Civile (oltre i limiti LR 26/2025: 16,50 m / 4,00 m)",IF(AND(ISNUMBER(Scheda_1!$D$237),ISNUMBER(Scheda_1!$D$238)),"Autorizzazione sismica: Comune (commissione sismica attiva, entro i limiti LR 26/2025)","Competenza sismica non determinabile: altezza strutturale o profondità interrata mancante"))))
A24: PSAI R3/R4 | B24: =IF(OR(Scheda_1!$D$46="R3",Scheda_1!$D$46="R4",Scheda_1!$D$47="R3",Scheda_1!$D$47="R4"),"Rischio PSAI R3/R4: sez. 5 e 5 bis; incentivi di rigenerazione esclusi (art. 33 quater LR 16/2004)","")
A25: Rischio atteso | B25: =IF(AND(OR(AND(Scheda_1!$D$46<>"",Scheda_1!$D$46<>"Nessuno",Scheda_1!$D$46<>"Non noto"),AND(Scheda_1!$D$47<>"",Scheda_1!$D$47<>"Nessuno",Scheda_1!$D$47<>"Non noto")),OR($B$6=1,$B$7=1)),"Intervento nuovo o con aumento di carico in area a rischio: segnalare la verifica del rischio atteso PSAI senza concludere (sez. 8 n. 27)","")
A26: Condono pend. | B26: =IF(Scheda_1!$D$242<>"Sì","",IF(OR(Scheda_1!$D$245="Sì",Scheda_1!$D$246="Sì",Scheda_1!$D$247="Sì",Scheda_1!$D$244="Altro (eccedente)"),"Delibera C.C. 22/2023: intervento oltre i limiti, servono fascicolo integrato, valutazione NTC 8.3, autodichiarazione e perizia giurata (sez. 37.2)","Delibera C.C. 22/2023: intervento entro i limiti di MO, MS, efficientamento, restauro; verificare le quattro condizioni (sez. 37.2)"))
A27: Date | B27: =IF(AND(ISNUMBER(Scheda_1!$D$62),ISNUMBER(Scheda_1!$D$22),Scheda_1!$D$62>Scheda_1!$D$22),"ATTENZIONE: data di realizzazione successiva alla data di presentazione","")
A28: Zona rossa | B28: =IF(OR(Scheda_1!$D$119="Sì",Scheda_1!$D$98="Sì"),"ATTENZIONE: aumento di volumi abitabili o mutamento d'uso verso l'abitativo in zona rossa (LR 21/2003, sez. 17)","")
A29: K3 | B29: =IF(AND(Scheda_1!$D$193="Sì",Scheda_1!$D$29=""),"Contributo: zona omogenea A-F non determinata, indicarla nella scheda (sez. 29.3, 35)","")
A31: Regole per campo (X = sempre; P, C, DR, T = solo se la qualificazione ha quel flag, vedi Elenchi)
A32: Codice | B32: Campo | C32: Sezione | D32: ORD | E32: CON | F32: AGI | G32: ACC | H32: Pertinente | I32: Condizione | J32: Regola | K32: Obbligatorio | L32: Stato
A33: Z01 | B33: Zona sismica | C33: Dati noti per Ottaviano | H33: 1 | I33: 1 | J33: =IF($B$5="","",IF($B$5="ORD",D33,IF($B$5="CON",E33,IF($B$5="AGI",F33,G33)))) -> 0 | K33: 0 | L33: =IF(K33=0,"",IF(LEN(TRIM(Scheda_1!$D$9&""))=0,"MANCANTE",IF(LEFT(LOWER(TRIM(Scheda_1!$D$9&"")),7)="non not","NON NOTO","ok")))
A34: Z02 | B34: Zona rossa vesuviana (LR 21/2003) | C34: Dati noti per Ottaviano | H34: 1 | I34: 1 | J34: =IF($B$5="","",IF($B$5="ORD",D34,IF($B$5="CON",E34,IF($B$5="AGI",F34,G34)))) -> 0 | K34: 0 | L34: =IF(K34=0,"",IF(LEN(TRIM(Scheda_1!$D$10&""))=0,"MANCANTE",IF(LEFT(LOWER(TRIM(Scheda_1!$D$10&"")),7)="non not","NON NOTO","ok")))
A35: Z03 | B35: Vincolo paesaggistico | C35: Dati noti per Ottaviano | H35: 1 | I35: 1 | J35: =IF($B$5="","",IF($B$5="ORD",D35,IF($B$5="CON",E35,IF($B$5="AGI",F35,G35)))) -> 0 | K35: 0 | L35: =IF(K35=0,"",IF(LEN(TRIM(Scheda_1!$D$11&""))=0,"MANCANTE",IF(LEFT(LOWER(TRIM(Scheda_1!$D$11&"")),7)="non not","NON NOTO","ok")))
A36: Z04 | B36: PSAI vigente | C36: Dati noti per Ottaviano | H36: 1 | I36: 1 | J36: =IF($B$5="","",IF($B$5="ORD",D36,IF($B$5="CON",E36,IF($B$5="AGI",F36,G36)))) -> 0 | K36: 0 | L36: =IF(K36=0,"",IF(LEN(TRIM(Scheda_1!$D$12&""))=0,"MANCANTE",IF(LEFT(LOWER(TRIM(Scheda_1!$D$12&"")),7)="non not","NON NOTO","ok")))
A37: Z05 | B37: Funzioni sismiche | C37: Dati noti per Ottaviano | H37: 1 | I37: 1 | J37: =IF($B$5="","",IF($B$5="ORD",D37,IF($B$5="CON",E37,IF($B$5="AGI",F37,G37)))) -> 0 | K37: 0 | L37: =IF(K37=0,"",IF(LEN(TRIM(Scheda_1!$D$13&""))=0,"MANCANTE",IF(LEFT(LOWER(TRIM(Scheda_1!$D$13&"")),7)="non not","NON NOTO","ok")))
A38: Z06 | B38: Delibera oneri e K2 | C38: Dati noti per Ottaviano | H38: 1 | I38: 1 | J38: =IF($B$5="","",IF($B$5="ORD",D38,IF($B$5="CON",E38,IF($B$5="AGI",F38,G38)))) -> 0 | K38: 0 | L38: =IF(K38=0,"",IF(LEN(TRIM(Scheda_1!$D$14&""))=0,"MANCANTE",IF(LEFT(LOWER(TRIM(Scheda_1!$D$14&"")),7)="non not","NON NOTO","ok")))
A39: Z07 | B39: Prevalenza NTA / RUEC | C39: Dati noti per Ottaviano | H39: 1 | I39: 1 | J39: =IF($B$5="","",IF($B$5="ORD",D39,IF($B$5="CON",E39,IF($B$5="AGI",F39,G39)))) -> 0 | K39: 0 | L39: =IF(K39=0,"",IF(LEN(TRIM(Scheda_1!$D$15&""))=0,"MANCANTE",IF(LEFT(LOWER(TRIM(Scheda_1!$D$15&"")),7)="non not","NON NOTO","ok")))
A40: A01 | B40: Codice pratica anonimo (scelto dall'ufficio, senza nomi né numeri di protocollo identificativi) | C40: Procedimento | D40: X | E40: X | F40: X | G40: X | H40: 1 | I40: 1 | J40: =IF($B$5="","",IF($B$5="ORD",D40,IF($B$5="CON",E40,IF($B$5="AGI",F40,G40)))) -> X | K40: =IF(H40=1,1,0) -> 1 | L40: =IF(K40=0,"",IF(LEN(TRIM(Scheda_1!$D$18&""))=0,"MANCANTE",IF(LEFT(LOWER(TRIM(Scheda_1!$D$18&"")),7)="non not","NON NOTO","ok"))) -> ok
A41: A02 | B41: Tipo di procedimento | C41: Procedimento | D41: X | E41: X | F41: X | G41: X | H41: 1 | I41: 1 | J41: =IF($B$5="","",IF($B$5="ORD",D41,IF($B$5="CON",E41,IF($B$5="AGI",F41,G41)))) -> X | K41: =IF(H41=1,1,0) -> 1 | L41: =IF(K41=0,"",IF(LEN(TRIM(Scheda_1!$D$19&""))=0,"MANCANTE",IF(LEFT(LOWER(TRIM(Scheda_1!$D$19&"")),7)="non not","NON NOTO","ok"))) -> ok
A42: A03 | B42: Qualificazione dell'intervento (DPR 380/2001) | C42: Procedimento | D42: X | G42: X | H42: 1 | I42: 1 | J42: =IF($B$5="","",IF($B$5="ORD",D42,IF($B$5="CON",E42,IF($B$5="AGI",F42,G42)))) -> X | K42: =IF(OR(H42=0,I42=0,J42=""),0,IF(IF(J42="X",1,IF(J42="P",$B$6,IF(J42="C",$B$7,IF(J42="DR",$B$8,IF(J42="T",$B$9,0)))))=1,1,0)) -> 1 | L42: =IF(K42=0,"",IF(LEN(TRIM(Scheda_1!$D$20&""))=0,"MANCANTE",IF(LEFT(LOWER(TRIM(Scheda_1!$D$20&"")),7)="non not","NON NOTO","ok"))) -> ok
A43: A04 | B43: Descrizione sintetica delle opere (solo dati tecnici, nessun dato personale) | C43: Procedimento | D43: X | E43: X | G43: X | H43: 1 | I43: 1 | J43: =IF($B$5="","",IF($B$5="ORD",D43,IF($B$5="CON",E43,IF($B$5="AGI",F43,G43)))) -> X | K43: =IF(OR(H43=0,I43=0,J43=""),0,IF(IF(J43="X",1,IF(J43="P",$B$6,IF(J43="C",$B$7,IF(J43="DR",$B$8,IF(J43="T",$B$9,0)))))=1,1,0)) -> 1 | L43: =IF(K43=0,"",IF(LEN(TRIM(Scheda_1!$D$21&""))=0,"MANCANTE",IF(LEFT(LOWER(TRIM(Scheda_1!$D$21&"")),7)="non not","NON NOTO","ok"))) -> ok
A44: A05 | B44: Data di presentazione della domanda / del titolo | C44: Procedimento | D44: X | E44: X | F44: X | G44: X | H44: 1 | I44: 1 | J44: =IF($B$5="","",IF($B$5="ORD",D44,IF($B$5="CON",E44,IF($B$5="AGI",F44,G44)))) -> X | K44: =IF(OR(H44=0,I44=0,J44=""),0,IF(IF(J44="X",1,IF(J44="P",$B$6,IF(J44="C",$B$7,IF(J44="DR",$B$8,IF(J44="T",$B$9,0)))))=1,1,0)) -> 1 | L44: =IF(K44=0,"",IF(LEN(TRIM(Scheda_1!$D$22&""))=0,"MANCANTE",IF(LEFT(LOWER(TRIM(Scheda_1!$D$22&"")),7)="non not","NON NOTO","ok"))) -> ok
A45: A06 | B45: Data di rilascio del PdC (solo PdC; decorrenza della delibera oneri) | C45: Procedimento | D45: X | H45: 1 | I45: =IF(Scheda_1!$D$19="PdC",1,0) -> 0 | J45: =IF($B$5="","",IF($B$5="ORD",D45,IF($B$5="CON",E45,IF($B$5="AGI",F45,G45)))) -> X | K45: =IF(OR(H45=0,I45=0,J45=""),0,IF(IF(J45="X",1,IF(J45="P",$B$6,IF(J45="C",$B$7,IF(J45="DR",$B$8,IF(J45="T",$B$9,0)))))=1,1,0)) -> 0 | L45: =IF(K45=0,"",IF(LEN(TRIM(Scheda_1!$D$23&""))=0,"MANCANTE",IF(LEFT(LOWER(TRIM(Scheda_1!$D$23&"")),7)="non not","NON NOTO","ok")))
A46: B01 | B46: Ambito PUC (articolo NTA) | C46: Localizzazione urbanistica e vincoli | D46: X | E46: X | G46: X | H46: 1 | I46: 1 | J46: =IF($B$5="","",IF($B$5="ORD",D46,IF($B$5="CON",E46,IF($B$5="AGI",F46,G46)))) -> X | K46: =IF(OR(H46=0,I46=0,J46=""),0,IF(IF(J46="X",1,IF(J46="P",$B$6,IF(J46="C",$B$7,IF(J46="DR",$B$8,IF(J46="T",$B$9,0)))))=1,1,0)) -> 1 | L46: =IF(K46=0,"",IF(LEN(TRIM(Scheda_1!$D$26&""))=0,"MANCANTE",IF(LEFT(LOWER(TRIM(Scheda_1!$D$26&"")),7)="non not","NON NOTO","ok"))) -> ok
A47: B02 | B47: Zona omogenea A-F di default (calcolata dall'ambito) | C47: Localizzazione urbanistica e vincoli | H47: 1 | I47: 1 | J47: =IF($B$5="","",IF($B$5="ORD",D47,IF($B$5="CON",E47,IF($B$5="AGI",F47,G47)))) -> 0 | K47: 0 | L47: =IF(K47=0,"",IF(LEN(TRIM(Scheda_1!$D$27&""))=0,"MANCANTE",IF(LEFT(LOWER(TRIM(Scheda_1!$D$27&"")),7)="non not","NON NOTO","ok")))
A48: B03 | B48: Zona omogenea A-F, se nota (prevale sul default dell'ambito) | C48: Localizzazione urbanistica e vincoli | H48: 1 | I48: 1 | J48: =IF($B$5="","",IF($B$5="ORD",D48,IF($B$5="CON",E48,IF($B$5="AGI",F48,G48)))) -> 0 | K48: =IF(OR(H48=0,I48=0,J48=""),0,IF(IF(J48="X",1,IF(J48="P",$B$6,IF(J48="C",$B$7,IF(J48="DR",$B$8,IF(J48="T",$B$9,0)))))=1,1,0)) -> 0 | L48: =IF(K48=0,"",IF(LEN(TRIM(Scheda_1!$D$28&""))=0,"MANCANTE",IF(LEFT(LOWER(TRIM(Scheda_1!$D$28&"")),7)="non not","NON NOTO","ok")))
A49: B04 | B49: Zona omogenea applicata (calcolata) | C49: Localizzazione urbanistica e vincoli | H49: 1 | I49: 1 | J49: =IF($B$5="","",IF($B$5="ORD",D49,IF($B$5="CON",E49,IF($B$5="AGI",F49,G49)))) -> 0 | K49: 0 | L49: =IF(K49=0,"",IF(LEN(TRIM(Scheda_1!$D$29&""))=0,"MANCANTE",IF(LEFT(LOWER(TRIM(Scheda_1!$D$29&"")),7)="non not","NON NOTO","ok")))
A50: B05 | B50: Zona PTP | C50: Localizzazione urbanistica e vincoli | D50: X | E50: X | G50: X | H50: 1 | I50: 1 | J50: =IF($B$5="","",IF($B$5="ORD",D50,IF($B$5="CON",E50,IF($B$5="AGI",F50,G50)))) -> X | K50: =IF(OR(H50=0,I50=0,J50=""),0,IF(IF(J50="X",1,IF(J50="P",$B$6,IF(J50="C",$B$7,IF(J50="DR",$B$8,IF(J50="T",$B$9,0)))))=1,1,0)) -> 1 | L50: =IF(K50=0,"",IF(LEN(TRIM(Scheda_1!$D$30&""))=0,"MANCANTE",IF(LEFT(LOWER(TRIM(Scheda_1!$D$30&"")),7)="non not","NON NOTO","ok"))) -> ok
A51: B06 | B51: Rapporto con il Parco Nazionale del Vesuvio | C51: Localizzazione urbanistica e vincoli | D51: X | E51: X | G51: X | H51: 1 | I51: 1 | J51: =IF($B$5="","",IF($B$5="ORD",D51,IF($B$5="CON",E51,IF($B$5="AGI",F51,G51)))) -> X | K51: =IF(OR(H51=0,I51=0,J51=""),0,IF(IF(J51="X",1,IF(J51="P",$B$6,IF(J51="C",$B$7,IF(J51="DR",$B$8,IF(J51="T",$B$9,0)))))=1,1,0)) -> 1 | L51: =IF(K51=0,"",IF(LEN(TRIM(Scheda_1!$D$31&""))=0,"MANCANTE",IF(LEFT(LOWER(TRIM(Scheda_1!$D$31&"")),7)="non not","NON NOTO","ok"))) -> ok
A52: B07 | B52: Interessa SIC/ZPS | C52: Localizzazione urbanistica e vincoli | D52: X | E52: X | G52: X | H52: 1 | I52: 1 | J52: =IF($B$5="","",IF($B$5="ORD",D52,IF($B$5="CON",E52,IF($B$5="AGI",F52,G52)))) -> X | K52: =IF(OR(H52=0,I52=0,J52=""),0,IF(IF(J52="X",1,IF(J52="P",$B$6,IF(J52="C",$B$7,IF(J52="DR",$B$8,IF(J52="T",$B$9,0)))))=1,1,0)) -> 1 | L52: =IF(K52=0,"",IF(LEN(TRIM(Scheda_1!$D$32&""))=0,"MANCANTE",IF(LEFT(LOWER(TRIM(Scheda_1!$D$32&"")),7)="non not","NON NOTO","ok"))) -> ok
A53: B08 | B53: Area boscata | C53: Localizzazione urbanistica e vincoli | D53: X | E53: X | G53: X | H53: 1 | I53: 1 | J53: =IF($B$5="","",IF($B$5="ORD",D53,IF($B$5="CON",E53,IF($B$5="AGI",F53,G53)))) -> X | K53: =IF(OR(H53=0,I53=0,J53=""),0,IF(IF(J53="X",1,IF(J53="P",$B$6,IF(J53="C",$B$7,IF(J53="DR",$B$8,IF(J53="T",$B$9,0)))))=1,1,0)) -> 1 | L53: =IF(K53=0,"",IF(LEN(TRIM(Scheda_1!$D$33&""))=0,"MANCANTE",IF(LEFT(LOWER(TRIM(Scheda_1!$D$33&"")),7)="non not","NON NOTO","ok"))) -> ok
A54: B09 | B54: Area archeologica | C54: Localizzazione urbanistica e vincoli | D54: X | E54: X | G54: X | H54: 1 | I54: 1 | J54: =IF($B$5="","",IF($B$5="ORD",D54,IF($B$5="CON",E54,IF($B$5="AGI",F54,G54)))) -> X | K54: =IF(OR(H54=0,I54=0,J54=""),0,IF(IF(J54="X",1,IF(J54="P",$B$6,IF(J54="C",$B$7,IF(J54="DR",$B$8,IF(J54="T",$B$9,0)))))=1,1,0)) -> 1 | L54: =IF(K54=0,"",IF(LEN(TRIM(Scheda_1!$D$34&""))=0,"MANCANTE",IF(LEFT(LOWER(TRIM(Scheda_1!$D$34&"")),7)="non not","NON NOTO","ok"))) -> ok
A55: B10 | B55: Immobile bene culturale (art. 10 D.Lgs 42/04) o soggetto a tutela indiretta (artt. 45-47) | C55: Localizzazione urbanistica e vincoli | D55: X | E55: X | G55: X | H55: 1 | I55: 1 | J55: =IF($B$5="","",IF($B$5="ORD",D55,IF($B$5="CON",E55,IF($B$5="AGI",F55,G55)))) -> X | K55: =IF(OR(H55=0,I55=0,J55=""),0,IF(IF(J55="X",1,IF(J55="P",$B$6,IF(J55="C",$B$7,IF(J55="DR",$B$8,IF(J55="T",$B$9,0)))))=1,1,0)) -> 1 | L55: =IF(K55=0,"",IF(LEN(TRIM(Scheda_1!$D$35&""))=0,"MANCANTE",IF(LEFT(LOWER(TRIM(Scheda_1!$D$35&"")),7)="non not","NON NOTO","ok"))) -> ok
A56: B11 | B56: Fascia di rispetto interessata | C56: Localizzazione urbanistica e vincoli | D56: P | E56: X | G56: P | H56: 1 | I56: 1 | J56: =IF($B$5="","",IF($B$5="ORD",D56,IF($B$5="CON",E56,IF($B$5="AGI",F56,G56)))) -> P | K56: =IF(OR(H56=0,I56=0,J56=""),0,IF(IF(J56="X",1,IF(J56="P",$B$6,IF(J56="C",$B$7,IF(J56="DR",$B$8,IF(J56="T",$B$9,0)))))=1,1,0)) -> 0 | L56: =IF(K56=0,"",IF(LEN(TRIM(Scheda_1!$D$36&""))=0,"MANCANTE",IF(LEFT(LOWER(TRIM(Scheda_1!$D$36&"")),7)="non not","NON NOTO","ok")))
A57: B12 | B57: Distanza dalla fascia / dall'elemento vincolante | C57: Localizzazione urbanistica e vincoli | D57: P | G57: P | H57: 1 | I57: =IF(AND(Scheda_1!$D$36<>"",Scheda_1!$D$36<>"Nessuna",Scheda_1!$D$36<>"Non noto"),1,0) -> 0 | J57: =IF($B$5="","",IF($B$5="ORD",D57,IF($B$5="CON",E57,IF($B$5="AGI",F57,G57)))) -> P | K57: =IF(OR(H57=0,I57=0,J57=""),0,IF(IF(J57="X",1,IF(J57="P",$B$6,IF(J57="C",$B$7,IF(J57="DR",$B$8,IF(J57="T",$B$9,0)))))=1,1,0)) -> 0 | L57: =IF(K57=0,"",IF(LEN(TRIM(Scheda_1!$D$37&""))=0,"MANCANTE",IF(LEFT(LOWER(TRIM(Scheda_1!$D$37&"")),7)="non not","NON NOTO","ok")))
A58: B13 | B58: Vincolo paesaggistico rafforzato (provvedimento specifico oltre al vincolo generale) | C58: Localizzazione urbanistica e vincoli | D58: X | E58: X | G58: X | H58: 1 | I58: 1 | J58: =IF($B$5="","",IF($B$5="ORD",D58,IF($B$5="CON",E58,IF($B$5="AGI",F58,G58)))) -> X | K58: =IF(OR(H58=0,I58=0,J58=""),0,IF(IF(J58="X",1,IF(J58="P",$B$6,IF(J58="C",$B$7,IF(J58="DR",$B$8,IF(J58="T",$B$9,0)))))=1,1,0)) -> 1 | L58: =IF(K58=0,"",IF(LEN(TRIM(Scheda_1!$D$38&""))=0,"MANCANTE",IF(LEFT(LOWER(TRIM(Scheda_1!$D$38&"")),7)="non not","NON NOTO","ok"))) -> ok
A59: B14 | B59: Data di istituzione del vincolo paesaggistico applicabile all'immobile | C59: Localizzazione urbanistica e vincoli | E59: X | G59: X | H59: 1 | I59: 1 | J59: =IF($B$5="","",IF($B$5="ORD",D59,IF($B$5="CON",E59,IF($B$5="AGI",F59,G59)))) -> 0 | K59: =IF(OR(H59=0,I59=0,J59=""),0,IF(IF(J59="X",1,IF(J59="P",$B$6,IF(J59="C",$B$7,IF(J59="DR",$B$8,IF(J59="T",$B$9,0)))))=1,1,0)) -> 0 | L59: =IF(K59=0,"",IF(LEN(TRIM(Scheda_1!$D$39&""))=0,"MANCANTE",IF(LEFT(LOWER(TRIM(Scheda_1!$D$39&"")),7)="non not","NON NOTO","ok")))
A60: B15 | B60: Data di istituzione del vincolo del Parco (o «non applicabile» se fuori Parco) | C60: Localizzazione urbanistica e vincoli | E60: X | G60: X | H60: 1 | I60: 1 | J60: =IF($B$5="","",IF($B$5="ORD",D60,IF($B$5="CON",E60,IF($B$5="AGI",F60,G60)))) -> 0 | K60: =IF(OR(H60=0,I60=0,J60=""),0,IF(IF(J60="X",1,IF(J60="P",$B$6,IF(J60="C",$B$7,IF(J60="DR",$B$8,IF(J60="T",$B$9,0)))))=1,1,0)) -> 0 | L60: =IF(K60=0,"",IF(LEN(TRIM(Scheda_1!$D$40&""))=0,"MANCANTE",IF(LEFT(LOWER(TRIM(Scheda_1!$D$40&"")),7)="non not","NON NOTO","ok")))
A61: B16 | B61: Data di istituzione di altri vincoli presenti (idrogeologico, archeologico, ecc.; o «non applicabile») | C61: Localizzazione urbanistica e vincoli | E61: X | G61: X | H61: 1 | I61: 1 | J61: =IF($B$5="","",IF($B$5="ORD",D61,IF($B$5="CON",E61,IF($B$5="AGI",F61,G61)))) -> 0 | K61: =IF(OR(H61=0,I61=0,J61=""),0,IF(IF(J61="X",1,IF(J61="P",$B$6,IF(J61="C",$B$7,IF(J61="DR",$B$8,IF(J61="T",$B$9,0)))))=1,1,0)) -> 0 | L61: =IF(K61=0,"",IF(LEN(TRIM(Scheda_1!$D$41&""))=0,"MANCANTE",IF(LEFT(LOWER(TRIM(Scheda_1!$D$41&"")),7)="non not","NON NOTO","ok")))
A62: B17 | B62: Allegato A o B del DPR 31/2017 applicabile | C62: Localizzazione urbanistica e vincoli | D62: X | G62: X | H62: 1 | I62: 1 | J62: =IF($B$5="","",IF($B$5="ORD",D62,IF($B$5="CON",E62,IF($B$5="AGI",F62,G62)))) -> X | K62: =IF(OR(H62=0,I62=0,J62=""),0,IF(IF(J62="X",1,IF(J62="P",$B$6,IF(J62="C",$B$7,IF(J62="DR",$B$8,IF(J62="T",$B$9,0)))))=1,1,0)) -> 1 | L62: =IF(K62=0,"",IF(LEN(TRIM(Scheda_1!$D$42&""))=0,"MANCANTE",IF(LEFT(LOWER(TRIM(Scheda_1!$D$42&"")),7)="non not","NON NOTO","ok"))) -> ok
A63: B18 | B63: Voce dell'Allegato (es. B.16) | C63: Localizzazione urbanistica e vincoli | D63: X | G63: X | H63: 1 | I63: =IF(OR(Scheda_1!$D$42="Allegato A (esclusa)",Scheda_1!$D$42="Allegato B (semplificata)"),1,0) -> 0 | J63: =IF($B$5="","",IF($B$5="ORD",D63,IF($B$5="CON",E63,IF($B$5="AGI",F63,G63)))) -> X | K63: =IF(OR(H63=0,I63=0,J63=""),0,IF(IF(J63="X",1,IF(J63="P",$B$6,IF(J63="C",$B$7,IF(J63="DR",$B$8,IF(J63="T",$B$9,0)))))=1,1,0)) -> 0 | L63: =IF(K63=0,"",IF(LEN(TRIM(Scheda_1!$D$43&""))=0,"MANCANTE",IF(LEFT(LOWER(TRIM(Scheda_1!$D$43&"")),7)="non not","NON NOTO","ok")))
A64: C01 | B64: Rischio idraulico (PSAI) | C64: Rischi | D64: X | E64: X | G64: X | H64: 1 | I64: 1 | J64: =IF($B$5="","",IF($B$5="ORD",D64,IF($B$5="CON",E64,IF($B$5="AGI",F64,G64)))) -> X | K64: =IF(OR(H64=0,I64=0,J64=""),0,IF(IF(J64="X",1,IF(J64="P",$B$6,IF(J64="C",$B$7,IF(J64="DR",$B$8,IF(J64="T",$B$9,0)))))=1,1,0)) -> 1 | L64: =IF(K64=0,"",IF(LEN(TRIM(Scheda_1!$D$46&""))=0,"MANCANTE",IF(LEFT(LOWER(TRIM(Scheda_1!$D$46&"")),7)="non not","NON NOTO","ok"))) -> ok
A65: C02 | B65: Rischio frana (PSAI) | C65: Rischi | D65: X | E65: X | G65: X | H65: 1 | I65: 1 | J65: =IF($B$5="","",IF($B$5="ORD",D65,IF($B$5="CON",E65,IF($B$5="AGI",F65,G65)))) -> X | K65: =IF(OR(H65=0,I65=0,J65=""),0,IF(IF(J65="X",1,IF(J65="P",$B$6,IF(J65="C",$B$7,IF(J65="DR",$B$8,IF(J65="T",$B$9,0)))))=1,1,0)) -> 1 | L65: =IF(K65=0,"",IF(LEN(TRIM(Scheda_1!$D$47&""))=0,"MANCANTE",IF(LEFT(LOWER(TRIM(Scheda_1!$D$47&"")),7)="non not","NON NOTO","ok"))) -> ok
A66: C03 | B66: Edificio in area a rischio | C66: Rischi | D66: X | E66: X | G66: X | H66: 1 | I66: =IF(OR(AND(Scheda_1!$D$46<>"",Scheda_1!$D$46<>"Nessuno",Scheda_1!$D$46<>"Non noto"),AND(Scheda_1!$D$47<>"",Scheda_1!$D$47<>"Nessuno",Scheda_1!$D$47<>"Non noto")),1,0) -> 0 | J66: =IF($B$5="","",IF($B$5="ORD",D66,IF($B$5="CON",E66,IF($B$5="AGI",F66,G66)))) -> X | K66: =IF(OR(H66=0,I66=0,J66=""),0,IF(IF(J66="X",1,IF(J66="P",$B$6,IF(J66="C",$B$7,IF(J66="DR",$B$8,IF(J66="T",$B$9,0)))))=1,1,0)) -> 0 | L66: =IF(K66=0,"",IF(LEN(TRIM(Scheda_1!$D$48&""))=0,"MANCANTE",IF(LEFT(LOWER(TRIM(Scheda_1!$D$48&"")),7)="non not","NON NOTO","ok")))
A67: C04 | B67: Presenza di cavità o sinkholes | C67: Rischi | D67: P | G67: P | H67: 1 | I67: 1 | J67: =IF($B$5="","",IF($B$5="ORD",D67,IF($B$5="CON",E67,IF($B$5="AGI",F67,G67)))) -> P | K67: =IF(OR(H67=0,I67=0,J67=""),0,IF(IF(J67="X",1,IF(J67="P",$B$6,IF(J67="C",$B$7,IF(J67="DR",$B$8,IF(J67="T",$B$9,0)))))=1,1,0)) -> 0 | L67: =IF(K67=0,"",IF(LEN(TRIM(Scheda_1!$D$49&""))=0,"MANCANTE",IF(LEFT(LOWER(TRIM(Scheda_1!$D$49&"")),7)="non not","NON NOTO","ok")))
A68: C05 | B68: Distanza da alvei/argini | C68: Rischi | D68: P | G68: P | H68: 1 | I68: 1 | J68: =IF($B$5="","",IF($B$5="ORD",D68,IF($B$5="CON",E68,IF($B$5="AGI",F68,G68)))) -> P | K68: =IF(OR(H68=0,I68=0,J68=""),0,IF(IF(J68="X",1,IF(J68="P",$B$6,IF(J68="C",$B$7,IF(J68="DR",$B$8,IF(J68="T",$B$9,0)))))=1,1,0)) -> 0 | L68: =IF(K68=0,"",IF(LEN(TRIM(Scheda_1!$D$50&""))=0,"MANCANTE",IF(LEFT(LOWER(TRIM(Scheda_1!$D$50&"")),7)="non not","NON NOTO","ok")))
A69: C06 | B69: Rischio vulcanico/sismico segnalato dalle carte del PUC (P4.1, P4.3) | C69: Rischi | D69: P | G69: P | H69: 1 | I69: 1 | J69: =IF($B$5="","",IF($B$5="ORD",D69,IF($B$5="CON",E69,IF($B$5="AGI",F69,G69)))) -> P | K69: =IF(OR(H69=0,I69=0,J69=""),0,IF(IF(J69="X",1,IF(J69="P",$B$6,IF(J69="C",$B$7,IF(J69="DR",$B$8,IF(J69="T",$B$9,0)))))=1,1,0)) -> 0 | L69: =IF(K69=0,"",IF(LEN(TRIM(Scheda_1!$D$51&""))=0,"MANCANTE",IF(LEFT(LOWER(TRIM(Scheda_1!$D$51&"")),7)="non not","NON NOTO","ok")))
A70: C07 | B70: Lavori su parti strutturali | C70: Rischi | D70: X | G70: X | H70: 1 | I70: 1 | J70: =IF($B$5="","",IF($B$5="ORD",D70,IF($B$5="CON",E70,IF($B$5="AGI",F70,G70)))) -> X | K70: =IF(OR(H70=0,I70=0,J70=""),0,IF(IF(J70="X",1,IF(J70="P",$B$6,IF(J70="C",$B$7,IF(J70="DR",$B$8,IF(J70="T",$B$9,0)))))=1,1,0)) -> 1 | L70: =IF(K70=0,"",IF(LEN(TRIM(Scheda_1!$D$52&""))=0,"MANCANTE",IF(LEFT(LOWER(TRIM(Scheda_1!$D$52&"")),7)="non not","NON NOTO","ok"))) -> ok
A71: C08 | B71: Categoria dell'intervento ai fini sismici | C71: Rischi | D71: X | G71: X | H71: 1 | I71: =IF(Scheda_1!$D$52="Sì",1,0) -> 0 | J71: =IF($B$5="","",IF($B$5="ORD",D71,IF($B$5="CON",E71,IF($B$5="AGI",F71,G71)))) -> X | K71: =IF(OR(H71=0,I71=0,J71=""),0,IF(IF(J71="X",1,IF(J71="P",$B$6,IF(J71="C",$B$7,IF(J71="DR",$B$8,IF(J71="T",$B$9,0)))))=1,1,0)) -> 0 | L71: =IF(K71=0,"",IF(LEN(TRIM(Scheda_1!$D$53&""))=0,"MANCANTE",IF(LEFT(LOWER(TRIM(Scheda_1!$D$53&"")),7)="non not","NON NOTO","ok")))
A72: D01 | B72: Titolo originario dell'edificio | C72: Stato legittimo e difformità | D72: X | F72: X | G72: X | H72: 1 | I72: 1 | J72: =IF($B$5="","",IF($B$5="ORD",D72,IF($B$5="CON",E72,IF($B$5="AGI",F72,G72)))) -> X | K72: =IF(OR(H72=0,I72=0,J72=""),0,IF(IF(J72="X",1,IF(J72="P",$B$6,IF(J72="C",$B$7,IF(J72="DR",$B$8,IF(J72="T",$B$9,0)))))=1,1,0)) -> 1 | L72: =IF(K72=0,"",IF(LEN(TRIM(Scheda_1!$D$55&""))=0,"MANCANTE",IF(LEFT(LOWER(TRIM(Scheda_1!$D$55&"")),7)="non not","NON NOTO","ok"))) -> ok
A73: D02 | B73: Data del titolo originario (nessun numero di protocollo) | C73: Stato legittimo e difformità | D73: X | F73: X | G73: X | H73: 1 | I73: =IF(AND(Scheda_1!$D$55<>"",Scheda_1!$D$55<>"Non noto",LEFT(Scheda_1!$D$55,6)<>"Nessun"),1,0) -> 1 | J73: =IF($B$5="","",IF($B$5="ORD",D73,IF($B$5="CON",E73,IF($B$5="AGI",F73,G73)))) -> X | K73: =IF(OR(H73=0,I73=0,J73=""),0,IF(IF(J73="X",1,IF(J73="P",$B$6,IF(J73="C",$B$7,IF(J73="DR",$B$8,IF(J73="T",$B$9,0)))))=1,1,0)) -> 1 | L73: =IF(K73=0,"",IF(LEN(TRIM(Scheda_1!$D$56&""))=0,"MANCANTE",IF(LEFT(LOWER(TRIM(Scheda_1!$D$56&"")),7)="non not","NON NOTO","ok"))) -> ok
A74: D03 | B74: Epoca di costruzione | C74: Stato legittimo e difformità | D74: X | E74: X | G74: X | H74: 1 | I74: 1 | J74: =IF($B$5="","",IF($B$5="ORD",D74,IF($B$5="CON",E74,IF($B$5="AGI",F74,G74)))) -> X | K74: =IF(OR(H74=0,I74=0,J74=""),0,IF(IF(J74="X",1,IF(J74="P",$B$6,IF(J74="C",$B$7,IF(J74="DR",$B$8,IF(J74="T",$B$9,0)))))=1,1,0)) -> 1 | L74: =IF(K74=0,"",IF(LEN(TRIM(Scheda_1!$D$57&""))=0,"MANCANTE",IF(LEFT(LOWER(TRIM(Scheda_1!$D$57&"")),7)="non not","NON NOTO","ok"))) -> ok
A75: D04 | B75: Edificio già oggetto di condono rilasciato | C75: Stato legittimo e difformità | D75: X | F75: X | G75: X | H75: 1 | I75: 1 | J75: =IF($B$5="","",IF($B$5="ORD",D75,IF($B$5="CON",E75,IF($B$5="AGI",F75,G75)))) -> X | K75: =IF(OR(H75=0,I75=0,J75=""),0,IF(IF(J75="X",1,IF(J75="P",$B$6,IF(J75="C",$B$7,IF(J75="DR",$B$8,IF(J75="T",$B$9,0)))))=1,1,0)) -> 1 | L75: =IF(K75=0,"",IF(LEN(TRIM(Scheda_1!$D$58&""))=0,"MANCANTE",IF(LEFT(LOWER(TRIM(Scheda_1!$D$58&"")),7)="non not","NON NOTO","ok"))) -> ok
A76: D05 | B76: Stato legittimo | C76: Stato legittimo e difformità | D76: X | G76: X | H76: 1 | I76: 1 | J76: =IF($B$5="","",IF($B$5="ORD",D76,IF($B$5="CON",E76,IF($B$5="AGI",F76,G76)))) -> X | K76: =IF(OR(H76=0,I76=0,J76=""),0,IF(IF(J76="X",1,IF(J76="P",$B$6,IF(J76="C",$B$7,IF(J76="DR",$B$8,IF(J76="T",$B$9,0)))))=1,1,0)) -> 1 | L76: =IF(K76=0,"",IF(LEN(TRIM(Scheda_1!$D$59&""))=0,"MANCANTE",IF(LEFT(LOWER(TRIM(Scheda_1!$D$59&"")),7)="non not","NON NOTO","ok"))) -> ok
A77: D06 | B77: Difformità presenti rispetto allo stato legittimo | C77: Stato legittimo e difformità | D77: X | E77: X | F77: X | G77: X | H77: 1 | I77: 1 | J77: =IF($B$5="","",IF($B$5="ORD",D77,IF($B$5="CON",E77,IF($B$5="AGI",F77,G77)))) -> X | K77: =IF(OR(H77=0,I77=0,J77=""),0,IF(IF(J77="X",1,IF(J77="P",$B$6,IF(J77="C",$B$7,IF(J77="DR",$B$8,IF(J77="T",$B$9,0)))))=1,1,0)) -> 1 | L77: =IF(K77=0,"",IF(LEN(TRIM(Scheda_1!$D$60&""))=0,"MANCANTE",IF(LEFT(LOWER(TRIM(Scheda_1!$D$60&"")),7)="non not","NON NOTO","ok"))) -> ok
A78: D07 | B78: Qualificazione proposta della difformità | C78: Stato legittimo e difformità | D78: X | E78: X | F78: X | G78: X | H78: 1 | I78: =IF(Scheda_1!$D$60="Sì",1,0) -> 0 | J78: =IF($B$5="","",IF($B$5="ORD",D78,IF($B$5="CON",E78,IF($B$5="AGI",F78,G78)))) -> X | K78: =IF(OR(H78=0,I78=0,J78=""),0,IF(IF(J78="X",1,IF(J78="P",$B$6,IF(J78="C",$B$7,IF(J78="DR",$B$8,IF(J78="T",$B$9,0)))))=1,1,0)) -> 0 | L78: =IF(K78=0,"",IF(LEN(TRIM(Scheda_1!$D$61&""))=0,"MANCANTE",IF(LEFT(LOWER(TRIM(Scheda_1!$D$61&"")),7)="non not","NON NOTO","ok")))
A79: D08 | B79: Data di realizzazione dell'abuso / delle opere difformi | C79: Stato legittimo e difformità | E79: X | G79: X | H79: 1 | I79: 1 | J79: =IF($B$5="","",IF($B$5="ORD",D79,IF($B$5="CON",E79,IF($B$5="AGI",F79,G79)))) -> 0 | K79: =IF(OR(H79=0,I79=0,J79=""),0,IF(IF(J79="X",1,IF(J79="P",$B$6,IF(J79="C",$B$7,IF(J79="DR",$B$8,IF(J79="T",$B$9,0)))))=1,1,0)) -> 0 | L79: =IF(K79=0,"",IF(LEN(TRIM(Scheda_1!$D$62&""))=0,"MANCANTE",IF(LEFT(LOWER(TRIM(Scheda_1!$D$62&"")),7)="non not","NON NOTO","ok")))
A80: D09 | B80: Data di ultimazione delle opere | C80: Stato legittimo e difformità | E80: X | F80: X | G80: X | H80: 1 | I80: 1 | J80: =IF($B$5="","",IF($B$5="ORD",D80,IF($B$5="CON",E80,IF($B$5="AGI",F80,G80)))) -> 0 | K80: =IF(OR(H80=0,I80=0,J80=""),0,IF(IF(J80="X",1,IF(J80="P",$B$6,IF(J80="C",$B$7,IF(J80="DR",$B$8,IF(J80="T",$B$9,0)))))=1,1,0)) -> 0 | L80: =IF(K80=0,"",IF(LEN(TRIM(Scheda_1!$D$63&""))=0,"MANCANTE",IF(LEFT(LOWER(TRIM(Scheda_1!$D$63&"")),7)="non not","NON NOTO","ok")))
A81: D10 | B81: Documentazione che prova la data | C81: Stato legittimo e difformità | E81: X | G81: X | H81: 1 | I81: 1 | J81: =IF($B$5="","",IF($B$5="ORD",D81,IF($B$5="CON",E81,IF($B$5="AGI",F81,G81)))) -> 0 | K81: =IF(OR(H81=0,I81=0,J81=""),0,IF(IF(J81="X",1,IF(J81="P",$B$6,IF(J81="C",$B$7,IF(J81="DR",$B$8,IF(J81="T",$B$9,0)))))=1,1,0)) -> 0 | L81: =IF(K81=0,"",IF(LEN(TRIM(Scheda_1!$D$64&""))=0,"MANCANTE",IF(LEFT(LOWER(TRIM(Scheda_1!$D$64&"")),7)="non not","NON NOTO","ok")))
A82: D11 | B82: Superficie utile assentita dell'unità | C82: Stato legittimo e difformità | G82: X | H82: 1 | I82: =IF(Scheda_1!$D$60="Sì",1,0) -> 0 | J82: =IF($B$5="","",IF($B$5="ORD",D82,IF($B$5="CON",E82,IF($B$5="AGI",F82,G82)))) -> 0 | K82: =IF(OR(H82=0,I82=0,J82=""),0,IF(IF(J82="X",1,IF(J82="P",$B$6,IF(J82="C",$B$7,IF(J82="DR",$B$8,IF(J82="T",$B$9,0)))))=1,1,0)) -> 0 | L82: =IF(K82=0,"",IF(LEN(TRIM(Scheda_1!$D$65&""))=0,"MANCANTE",IF(LEFT(LOWER(TRIM(Scheda_1!$D$65&"")),7)="non not","NON NOTO","ok")))
A83: D12 | B83: Volume assentito | C83: Stato legittimo e difformità | G83: X | H83: 1 | I83: =IF(Scheda_1!$D$60="Sì",1,0) -> 0 | J83: =IF($B$5="","",IF($B$5="ORD",D83,IF($B$5="CON",E83,IF($B$5="AGI",F83,G83)))) -> 0 | K83: =IF(OR(H83=0,I83=0,J83=""),0,IF(IF(J83="X",1,IF(J83="P",$B$6,IF(J83="C",$B$7,IF(J83="DR",$B$8,IF(J83="T",$B$9,0)))))=1,1,0)) -> 0 | L83: =IF(K83=0,"",IF(LEN(TRIM(Scheda_1!$D$66&""))=0,"MANCANTE",IF(LEFT(LOWER(TRIM(Scheda_1!$D$66&"")),7)="non not","NON NOTO","ok")))
A84: D13 | B84: Volume realizzato | C84: Stato legittimo e difformità | G84: X | H84: 1 | I84: =IF(Scheda_1!$D$60="Sì",1,0) -> 0 | J84: =IF($B$5="","",IF($B$5="ORD",D84,IF($B$5="CON",E84,IF($B$5="AGI",F84,G84)))) -> 0 | K84: =IF(OR(H84=0,I84=0,J84=""),0,IF(IF(J84="X",1,IF(J84="P",$B$6,IF(J84="C",$B$7,IF(J84="DR",$B$8,IF(J84="T",$B$9,0)))))=1,1,0)) -> 0 | L84: =IF(K84=0,"",IF(LEN(TRIM(Scheda_1!$D$67&""))=0,"MANCANTE",IF(LEFT(LOWER(TRIM(Scheda_1!$D$67&"")),7)="non not","NON NOTO","ok")))
A85: D14 | B85: Superficie coperta assentita | C85: Stato legittimo e difformità | G85: X | H85: 1 | I85: =IF(Scheda_1!$D$60="Sì",1,0) -> 0 | J85: =IF($B$5="","",IF($B$5="ORD",D85,IF($B$5="CON",E85,IF($B$5="AGI",F85,G85)))) -> 0 | K85: =IF(OR(H85=0,I85=0,J85=""),0,IF(IF(J85="X",1,IF(J85="P",$B$6,IF(J85="C",$B$7,IF(J85="DR",$B$8,IF(J85="T",$B$9,0)))))=1,1,0)) -> 0 | L85: =IF(K85=0,"",IF(LEN(TRIM(Scheda_1!$D$68&""))=0,"MANCANTE",IF(LEFT(LOWER(TRIM(Scheda_1!$D$68&"")),7)="non not","NON NOTO","ok")))
A86: D15 | B86: Superficie coperta realizzata | C86: Stato legittimo e difformità | G86: X | H86: 1 | I86: =IF(Scheda_1!$D$60="Sì",1,0) -> 0 | J86: =IF($B$5="","",IF($B$5="ORD",D86,IF($B$5="CON",E86,IF($B$5="AGI",F86,G86)))) -> 0 | K86: =IF(OR(H86=0,I86=0,J86=""),0,IF(IF(J86="X",1,IF(J86="P",$B$6,IF(J86="C",$B$7,IF(J86="DR",$B$8,IF(J86="T",$B$9,0)))))=1,1,0)) -> 0 | L86: =IF(K86=0,"",IF(LEN(TRIM(Scheda_1!$D$69&""))=0,"MANCANTE",IF(LEFT(LOWER(TRIM(Scheda_1!$D$69&"")),7)="non not","NON NOTO","ok")))
A87: D16 | B87: Altezza assentita | C87: Stato legittimo e difformità | G87: X | H87: 1 | I87: =IF(Scheda_1!$D$60="Sì",1,0) -> 0 | J87: =IF($B$5="","",IF($B$5="ORD",D87,IF($B$5="CON",E87,IF($B$5="AGI",F87,G87)))) -> 0 | K87: =IF(OR(H87=0,I87=0,J87=""),0,IF(IF(J87="X",1,IF(J87="P",$B$6,IF(J87="C",$B$7,IF(J87="DR",$B$8,IF(J87="T",$B$9,0)))))=1,1,0)) -> 0 | L87: =IF(K87=0,"",IF(LEN(TRIM(Scheda_1!$D$70&""))=0,"MANCANTE",IF(LEFT(LOWER(TRIM(Scheda_1!$D$70&"")),7)="non not","NON NOTO","ok")))
A88: D17 | B88: Altezza realizzata | C88: Stato legittimo e difformità | G88: X | H88: 1 | I88: =IF(Scheda_1!$D$60="Sì",1,0) -> 0 | J88: =IF($B$5="","",IF($B$5="ORD",D88,IF($B$5="CON",E88,IF($B$5="AGI",F88,G88)))) -> 0 | K88: =IF(OR(H88=0,I88=0,J88=""),0,IF(IF(J88="X",1,IF(J88="P",$B$6,IF(J88="C",$B$7,IF(J88="DR",$B$8,IF(J88="T",$B$9,0)))))=1,1,0)) -> 0 | L88: =IF(K88=0,"",IF(LEN(TRIM(Scheda_1!$D$71&""))=0,"MANCANTE",IF(LEFT(LOWER(TRIM(Scheda_1!$D$71&"")),7)="non not","NON NOTO","ok")))
A89: D18 | B89: Distacco minimo assentito | C89: Stato legittimo e difformità | G89: X | H89: 1 | I89: =IF(Scheda_1!$D$60="Sì",1,0) -> 0 | J89: =IF($B$5="","",IF($B$5="ORD",D89,IF($B$5="CON",E89,IF($B$5="AGI",F89,G89)))) -> 0 | K89: =IF(OR(H89=0,I89=0,J89=""),0,IF(IF(J89="X",1,IF(J89="P",$B$6,IF(J89="C",$B$7,IF(J89="DR",$B$8,IF(J89="T",$B$9,0)))))=1,1,0)) -> 0 | L89: =IF(K89=0,"",IF(LEN(TRIM(Scheda_1!$D$72&""))=0,"MANCANTE",IF(LEFT(LOWER(TRIM(Scheda_1!$D$72&"")),7)="non not","NON NOTO","ok")))
A90: D19 | B90: Distacco minimo realizzato | C90: Stato legittimo e difformità | G90: X | H90: 1 | I90: =IF(Scheda_1!$D$60="Sì",1,0) -> 0 | J90: =IF($B$5="","",IF($B$5="ORD",D90,IF($B$5="CON",E90,IF($B$5="AGI",F90,G90)))) -> 0 | K90: =IF(OR(H90=0,I90=0,J90=""),0,IF(IF(J90="X",1,IF(J90="P",$B$6,IF(J90="C",$B$7,IF(J90="DR",$B$8,IF(J90="T",$B$9,0)))))=1,1,0)) -> 0 | L90: =IF(K90=0,"",IF(LEN(TRIM(Scheda_1!$D$73&""))=0,"MANCANTE",IF(LEFT(LOWER(TRIM(Scheda_1!$D$73&"")),7)="non not","NON NOTO","ok")))
A91: D20 | B91: Titoli o domande sulla stessa unità negli ultimi 5 anni (elenco: tipo e anno, senza estremi) | C91: Stato legittimo e difformità | D91: P | H91: 1 | I91: 1 | J91: =IF($B$5="","",IF($B$5="ORD",D91,IF($B$5="CON",E91,IF($B$5="AGI",F91,G91)))) -> P | K91: =IF(OR(H91=0,I91=0,J91=""),0,IF(IF(J91="X",1,IF(J91="P",$B$6,IF(J91="C",$B$7,IF(J91="DR",$B$8,IF(J91="T",$B$9,0)))))=1,1,0)) -> 0 | L91: =IF(K91=0,"",IF(LEN(TRIM(Scheda_1!$D$74&""))=0,"MANCANTE",IF(LEFT(LOWER(TRIM(Scheda_1!$D$74&"")),7)="non not","NON NOTO","ok")))
A92: D21 | B92: Uso agricolo del fondo documentato | C92: Stato legittimo e difformità | D92: X | E92: X | G92: X | H92: 1 | I92: =IF(IFERROR(VLOOKUP(Scheda_1!$D$26,Elenchi!$J$2:$N$40,5,FALSE()),0)=1,1,0) -> 0 | J92: =IF($B$5="","",IF($B$5="ORD",D92,IF($B$5="CON",E92,IF($B$5="AGI",F92,G92)))) -> X | K92: =IF(OR(H92=0,I92=0,J92=""),0,IF(IF(J92="X",1,IF(J92="P",$B$6,IF(J92="C",$B$7,IF(J92="DR",$B$8,IF(J92="T",$B$9,0)))))=1,1,0)) -> 0 | L92: =IF(K92=0,"",IF(LEN(TRIM(Scheda_1!$D$75&""))=0,"MANCANTE",IF(LEFT(LOWER(TRIM(Scheda_1!$D$75&"")),7)="non not","NON NOTO","ok")))
A93: D22 | B93: Piano di sviluppo aziendale presentato (campo aggiunto) | C93: Stato legittimo e difformità | D93: X | H93: 1 | I93: =IF(AND(IFERROR(VLOOKUP(Scheda_1!$D$26,Elenchi!$J$2:$N$40,5,FALSE()),0)=1,Scheda_1!$D$20="Nuova costruzione"),1,0) -> 0 | J93: =IF($B$5="","",IF($B$5="ORD",D93,IF($B$5="CON",E93,IF($B$5="AGI",F93,G93)))) -> X | K93: =IF(OR(H93=0,I93=0,J93=""),0,IF(IF(J93="X",1,IF(J93="P",$B$6,IF(J93="C",$B$7,IF(J93="DR",$B$8,IF(J93="T",$B$9,0)))))=1,1,0)) -> 0 | L93: =IF(K93=0,"",IF(LEN(TRIM(Scheda_1!$D$76&""))=0,"MANCANTE",IF(LEFT(LOWER(TRIM(Scheda_1!$D$76&"")),7)="non not","NON NOTO","ok")))
A94: E01 | B94: Superficie fondiaria (S.F.) | C94: Parametri edilizi | D94: P | G94: P | H94: 1 | I94: 1 | J94: =IF($B$5="","",IF($B$5="ORD",D94,IF($B$5="CON",E94,IF($B$5="AGI",F94,G94)))) -> P | K94: =IF(OR(H94=0,I94=0,J94=""),0,IF(IF(J94="X",1,IF(J94="P",$B$6,IF(J94="C",$B$7,IF(J94="DR",$B$8,IF(J94="T",$B$9,0)))))=1,1,0)) -> 0 | L94: =IF(K94=0,"",IF(LEN(TRIM(Scheda_1!$D$79&""))=0,"MANCANTE",IF(LEFT(LOWER(TRIM(Scheda_1!$D$79&"")),7)="non not","NON NOTO","ok")))
A95: E02 | B95: Superficie coperta (S.C.) – stato di fatto | C95: Parametri edilizi | D95: P | G95: P | H95: 1 | I95: 1 | J95: =IF($B$5="","",IF($B$5="ORD",D95,IF($B$5="CON",E95,IF($B$5="AGI",F95,G95)))) -> P | K95: =IF(OR(H95=0,I95=0,J95=""),0,IF(IF(J95="X",1,IF(J95="P",$B$6,IF(J95="C",$B$7,IF(J95="DR",$B$8,IF(J95="T",$B$9,0)))))=1,1,0)) -> 0 | L95: =IF(K95=0,"",IF(LEN(TRIM(Scheda_1!$D$80&""))=0,"MANCANTE",IF(LEFT(LOWER(TRIM(Scheda_1!$D$80&"")),7)="non not","NON NOTO","ok")))
A96: E03 | B96: Superficie coperta (S.C.) – progetto | C96: Parametri edilizi | D96: P | G96: P | H96: 1 | I96: 1 | J96: =IF($B$5="","",IF($B$5="ORD",D96,IF($B$5="CON",E96,IF($B$5="AGI",F96,G96)))) -> P | K96: =IF(OR(H96=0,I96=0,J96=""),0,IF(IF(J96="X",1,IF(J96="P",$B$6,IF(J96="C",$B$7,IF(J96="DR",$B$8,IF(J96="T",$B$9,0)))))=1,1,0)) -> 0 | L96: =IF(K96=0,"",IF(LEN(TRIM(Scheda_1!$D$81&""))=0,"MANCANTE",IF(LEFT(LOWER(TRIM(Scheda_1!$D$81&"")),7)="non not","NON NOTO","ok")))
A97: E04 | B97: Superficie utile (S.U.) – stato di fatto | C97: Parametri edilizi | D97: P | G97: P | H97: 1 | I97: 1 | J97: =IF($B$5="","",IF($B$5="ORD",D97,IF($B$5="CON",E97,IF($B$5="AGI",F97,G97)))) -> P | K97: =IF(OR(H97=0,I97=0,J97=""),0,IF(IF(J97="X",1,IF(J97="P",$B$6,IF(J97="C",$B$7,IF(J97="DR",$B$8,IF(J97="T",$B$9,0)))))=1,1,0)) -> 0 | L97: =IF(K97=0,"",IF(LEN(TRIM(Scheda_1!$D$82&""))=0,"MANCANTE",IF(LEFT(LOWER(TRIM(Scheda_1!$D$82&"")),7)="non not","NON NOTO","ok")))
A98: E05 | B98: Superficie utile (S.U.) – progetto | C98: Parametri edilizi | D98: P | G98: P | H98: 1 | I98: 1 | J98: =IF($B$5="","",IF($B$5="ORD",D98,IF($B$5="CON",E98,IF($B$5="AGI",F98,G98)))) -> P | K98: =IF(OR(H98=0,I98=0,J98=""),0,IF(IF(J98="X",1,IF(J98="P",$B$6,IF(J98="C",$B$7,IF(J98="DR",$B$8,IF(J98="T",$B$9,0)))))=1,1,0)) -> 0 | L98: =IF(K98=0,"",IF(LEN(TRIM(Scheda_1!$D$83&""))=0,"MANCANTE",IF(LEFT(LOWER(TRIM(Scheda_1!$D$83&"")),7)="non not","NON NOTO","ok")))
A99: E06 | B99: Volume (V.C.) – stato di fatto | C99: Parametri edilizi | D99: P | G99: P | H99: 1 | I99: 1 | J99: =IF($B$5="","",IF($B$5="ORD",D99,IF($B$5="CON",E99,IF($B$5="AGI",F99,G99)))) -> P | K99: =IF(OR(H99=0,I99=0,J99=""),0,IF(IF(J99="X",1,IF(J99="P",$B$6,IF(J99="C",$B$7,IF(J99="DR",$B$8,IF(J99="T",$B$9,0)))))=1,1,0)) -> 0 | L99: =IF(K99=0,"",IF(LEN(TRIM(Scheda_1!$D$84&""))=0,"MANCANTE",IF(LEFT(LOWER(TRIM(Scheda_1!$D$84&"")),7)="non not","NON NOTO","ok")))
A100: E07 | B100: Volume (V.C.) – progetto | C100: Parametri edilizi | D100: P | G100: P | H100: 1 | I100: 1 | J100: =IF($B$5="","",IF($B$5="ORD",D100,IF($B$5="CON",E100,IF($B$5="AGI",F100,G100)))) -> P | K100: =IF(OR(H100=0,I100=0,J100=""),0,IF(IF(J100="X",1,IF(J100="P",$B$6,IF(J100="C",$B$7,IF(J100="DR",$B$8,IF(J100="T",$B$9,0)))))=1,1,0)) -> 0 | L100: =IF(K100=0,"",IF(LEN(TRIM(Scheda_1!$D$85&""))=0,"MANCANTE",IF(LEFT(LOWER(TRIM(Scheda_1!$D$85&"")),7)="non not","NON NOTO","ok")))
A101: E08 | B101: Altezza (H.F./H.M.) – stato di fatto | C101: Parametri edilizi | D101: P | G101: P | H101: 1 | I101: 1 | J101: =IF($B$5="","",IF($B$5="ORD",D101,IF($B$5="CON",E101,IF($B$5="AGI",F101,G101)))) -> P | K101: =IF(OR(H101=0,I101=0,J101=""),0,IF(IF(J101="X",1,IF(J101="P",$B$6,IF(J101="C",$B$7,IF(J101="DR",$B$8,IF(J101="T",$B$9,0)))))=1,1,0)) -> 0 | L101: =IF(K101=0,"",IF(LEN(TRIM(Scheda_1!$D$86&""))=0,"MANCANTE",IF(LEFT(LOWER(TRIM(Scheda_1!$D$86&"")),7)="non not","NON NOTO","ok")))
A102: E09 | B102: Altezza (H.F./H.M.) – progetto | C102: Parametri edilizi | D102: P | G102: P | H102: 1 | I102: 1 | J102: =IF($B$5="","",IF($B$5="ORD",D102,IF($B$5="CON",E102,IF($B$5="AGI",F102,G102)))) -> P | K102: =IF(OR(H102=0,I102=0,J102=""),0,IF(IF(J102="X",1,IF(J102="P",$B$6,IF(J102="C",$B$7,IF(J102="DR",$B$8,IF(J102="T",$B$9,0)))))=1,1,0)) -> 0 | L102: =IF(K102=0,"",IF(LEN(TRIM(Scheda_1!$D$87&""))=0,"MANCANTE",IF(LEFT(LOWER(TRIM(Scheda_1!$D$87&"")),7)="non not","NON NOTO","ok")))
A103: E10 | B103: Numero piani (N.P.) – stato di fatto | C103: Parametri edilizi | D103: P | G103: P | H103: 1 | I103: 1 | J103: =IF($B$5="","",IF($B$5="ORD",D103,IF($B$5="CON",E103,IF($B$5="AGI",F103,G103)))) -> P | K103: =IF(OR(H103=0,I103=0,J103=""),0,IF(IF(J103="X",1,IF(J103="P",$B$6,IF(J103="C",$B$7,IF(J103="DR",$B$8,IF(J103="T",$B$9,0)))))=1,1,0)) -> 0 | L103: =IF(K103=0,"",IF(LEN(TRIM(Scheda_1!$D$88&""))=0,"MANCANTE",IF(LEFT(LOWER(TRIM(Scheda_1!$D$88&"")),7)="non not","NON NOTO","ok")))
...

Sheet Scheda_2
C1: Comune di Ottaviano – Settore Urbanistica ed Edilizia Privata
C2: Esempio 2 – CILA su immobile con condono pendente – valutazione pratiche urbanistiche (v1)
C3: Istruttoria di supporto: decisione e firma restano al responsabile del procedimento. Nessun dato personale.
C5: ="Dati obbligatori mancanti: "&Controlli_2!$B$13&" – dati dichiarati «non noti»: "&Controlli_2!$B$14&" – campi richiesti per questo procedimento: "&Controlli_2!$B$11 -> Dati obbligatori mancanti: 2 – dati dichiarati «non noti»: 2 – campi richiesti per questo procedimento: 44
A6: Codice | B6: Sezione | C6: Campo | D6: Valore da compilare | E6: Unità | F6: Obbligatorio per | G6: Nota (riferimento alla sintesi normativa) | H6: Stato
A7: Z – Dati noti per Ottaviano (precompilati, non modificare)
A8: Costanti del Comune: non vanno compilate.
A9: Z01 | B9: Dati noti per Ottaviano | C9: Zona sismica | D9: 2 | F9: — | G9: Sez. 14.7, 24 (conferma dell'utente) | H9: =Controlli_2!$L$33
A10: Z02 | B10: Dati noti per Ottaviano | C10: Zona rossa vesuviana (LR 21/2003) | D10: Sì – Ottaviano compreso | F10: — | G10: Sez. 17; la LR 21/2003 resta in vigore (PPR non in vigore: sez. 8 n. 28) | H10: =Controlli_2!$L$34
A11: Z03 | B11: Dati noti per Ottaviano | C11: Vincolo paesaggistico | D11: Intero territorio (art. 134 lett. b/c; art. 142 lett. f, l D.Lgs 42/04; D.M. 02/09/1961) | F11: — | G11: Sez. 13, 37.1 | H11: =Controlli_2!$L$35
A12: Z04 | B12: Dati noti per Ottaviano | C12: PSAI vigente | D12: Versione 2015 (Delib. C.I. n. 1 del 23/02/2015): si valuta il solo rischio | F12: — | G12: Sez. 5, 5 bis; CLAUDE.md sez. 4 | H12: =Controlli_2!$L$36
A13: Z05 | B13: Dati noti per Ottaviano | C13: Funzioni sismiche | D13: Commissione sismica comunale attiva | F13: — | G13: Sez. 36; sez. 8 n. 28 | H13: =Controlli_2!$L$37
A14: Z06 | B14: Dati noti per Ottaviano | C14: Delibera oneri e K2 | D14: Delibera n. 17 del 15/12/2025; K2 = 0,59 | F14: — | G14: Sez. 29, 8 n. 22 e 27 | H14: =Controlli_2!$L$38
A15: Z07 | B15: Dati noti per Ottaviano | C15: Prevalenza NTA / RUEC | D15: Tra NTA e RUEC prevalgono le NTA | F15: — | G15: CLAUDE.md sez. 2 punto 4; sez. 8 n. 1 e 27 | H15: =Controlli_2!$L$39
A16: A – Procedimento
A17: Sempre da compilare.
A18: A01 | B18: Procedimento | C18: Codice pratica anonimo (scelto dall'ufficio, senza nomi né numeri di protocollo identificativi) | D18: ESEMPIO-FITTIZIO-02 | F18: Tutti | G18: Sez. 10 A | H18: =Controlli_2!$L$40 -> ok | I18: 1
A19: A02 | B19: Procedimento | C19: Tipo di procedimento | D19: CILA | F19: Tutti | G19: Sez. 10 A1; 7, 12, 14, 32 | H19: =Controlli_2!$L$41 -> ok | I19: 1
A20: A03 | B20: Procedimento | C20: Qualificazione dell'intervento (DPR 380/2001) | D20: Manutenzione straordinaria | F20: Ordinari; Accertamento | G20: Sez. 10 A2; 14.1, 28.3, 32. Per i condoni vale la tipologia di illecito (sez. H) | H20: =Controlli_2!$L$42 -> ok | I20: 1
A21: A04 | B21: Procedimento | C21: Descrizione sintetica delle opere (solo dati tecnici, nessun dato personale) | D21: ESEMPIO FITTIZIO: manutenzione straordinaria (rifacimento di intonaci e infissi interni) di un fabbricato con istanza di condono L. 47/85 non definita. | F21: Ordinari; Condoni; Accertamento | G21: Sez. 10 A3 | H21: =Controlli_2!$L$43 -> ok | I21: 1
A22: A05 | B22: Procedimento | C22: Data di presentazione della domanda / del titolo | D22: 46297 | F22: Tutti | G22: Sez. 10 A4; 14.2; per la SCIA/CILA decorrenza della delibera oneri (29.1) | H22: =Controlli_2!$L$44 -> ok | I22: 1
A23: A06 | B23: Procedimento | C23: Data di rilascio del PdC (solo PdC; decorrenza della delibera oneri) | F23: Ordinari – solo se PdC | G23: Sez. 10 A4; 29.1 | H23: =Controlli_2!$L$45 | I23: 1
A24: B – Localizzazione urbanistica e vincoli
A25: Tutto il territorio è vincolato paesaggisticamente (costante Z03): qui solo ciò che varia da pratica a pratica.
A26: B01 | B26: Localizzazione urbanistica e vincoli | C26: Ambito PUC (articolo NTA) | D26: Art. 16 – Urbani di riassetto, parti edificate | F26: Ordinari; Condoni; Accertamento | G26: Sez. 3, 28, 35.0 | H26: =Controlli_2!$L$46 -> ok | I26: 1
A27: B02 | B27: Localizzazione urbanistica e vincoli | C27: Zona omogenea A-F di default (calcolata dall'ambito) | D27: =IFERROR(VLOOKUP(Scheda_2!$D$26,Elenchi!$J$2:$N$40,3,FALSE())&"","") -> B | F27: — | G27: Sez. 35.0 (assimilazione, non norma). Cella calcolata: non compilare | H27: =Controlli_2!$L$47 | I27: 1
A28: B03 | B28: Localizzazione urbanistica e vincoli | C28: Zona omogenea A-F, se nota (prevale sul default dell'ambito) | D28: B | F28: Facoltativo | G28: Sez. 35.0 e 35.6: la zona della scheda prevale | H28: =Controlli_2!$L$48 | I28: 1
A29: B04 | B29: Localizzazione urbanistica e vincoli | C29: Zona omogenea applicata (calcolata) | D29: =IF(Scheda_2!$D$28<>"",Scheda_2!$D$28,Scheda_2!$D$27) -> B | F29: — | G29: Cella calcolata: zona della scheda, altrimenti default dell'ambito. Se vuota e serve il K3, il parere la elenca come dato mancante | H29: =Controlli_2!$L$49 | I29: 1
A30: B05 | B30: Localizzazione urbanistica e vincoli | C30: Zona PTP | D30: Fuori perimetro PTP | F30: Ordinari; Condoni; Accertamento | G30: Sez. 4; NTA art. 3 c. 2-3 | H30: =Controlli_2!$L$50 -> ok | I30: 1
A31: B06 | B31: Localizzazione urbanistica e vincoli | C31: Rapporto con il Parco Nazionale del Vesuvio | D31: Dentro | F31: Ordinari; Condoni; Accertamento | G31: Sez. 4, 32.2 (nulla osta Ente Parco) | H31: =Controlli_2!$L$51 -> ok | I31: 1
A32: B07 | B32: Localizzazione urbanistica e vincoli | C32: Interessa SIC/ZPS | D32: No | F32: Ordinari; Condoni; Accertamento | G32: Sez. 4 | H32: =Controlli_2!$L$52 -> ok | I32: 1
A33: B08 | B33: Localizzazione urbanistica e vincoli | C33: Area boscata | D33: No | F33: Ordinari; Condoni; Accertamento | G33: Sez. 4 | H33: =Controlli_2!$L$53 -> ok | I33: 1
A34: B09 | B34: Localizzazione urbanistica e vincoli | C34: Area archeologica | D34: No | F34: Ordinari; Condoni; Accertamento | G34: Sez. 4 | H34: =Controlli_2!$L$54 -> ok | I34: 1
A35: B10 | B35: Localizzazione urbanistica e vincoli | C35: Immobile bene culturale (art. 10 D.Lgs 42/04) o soggetto a tutela indiretta (artt. 45-47) | D35: No | F35: Ordinari; Condoni; Accertamento | G35: Sez. 10 B7 e B10; 13.5, 13.8 | H35: =Controlli_2!$L$55 -> ok | I35: 1
A36: B11 | B36: Localizzazione urbanistica e vincoli | C36: Fascia di rispetto interessata | F36: Ordinari [parametri]; Condoni; Accertamento [parametri] | G36: Sez. 4; 8 n. 2 (fasce stradali). Se più di una, indicarle nella descrizione | H36: =Controlli_2!$L$56 | I36: 1
A37: B12 | B37: Localizzazione urbanistica e vincoli | C37: Distanza dalla fascia / dall'elemento vincolante | E37: m | F37: Ordinari [parametri]; Accertamento [parametri] – solo se c'è una fascia | G37: Sez. 10 B8 | H37: =Controlli_2!$L$57 | I37: 1
A38: B13 | B38: Localizzazione urbanistica e vincoli | C38: Vincolo paesaggistico rafforzato (provvedimento specifico oltre al vincolo generale) | D38: No | F38: Ordinari; Condoni; Accertamento | G38: Sez. 13.8 | H38: =Controlli_2!$L$58 -> ok | I38: 1
A39: B14 | B39: Localizzazione urbanistica e vincoli | C39: Data di istituzione del vincolo paesaggistico applicabile all'immobile | F39: Condoni; Accertamento | G39: OBBLIGATORIO: CLAUDE.md sez. 4; sez. 12.3, 12.9. Va confrontata con la data delle opere (Controlli) | H39: =Controlli_2!$L$59 | I39: 1
A40: B15 | B40: Localizzazione urbanistica e vincoli | C40: Data di istituzione del vincolo del Parco (o «non applicabile» se fuori Parco) | F40: Condoni; Accertamento | G40: OBBLIGATORIO: sez. 10 B11 | H40: =Controlli_2!$L$60 | I40: 1
A41: B16 | B41: Localizzazione urbanistica e vincoli | C41: Data di istituzione di altri vincoli presenti (idrogeologico, archeologico, ecc.; o «non applicabile») | F41: Condoni; Accertamento | G41: OBBLIGATORIO: sez. 10 B11 | H41: =Controlli_2!$L$61 | I41: 1
A42: B17 | B42: Localizzazione urbanistica e vincoli | C42: Allegato A o B del DPR 31/2017 applicabile | D42: Allegato B (semplificata) | F42: Ordinari; Accertamento | G42: Sez. 13.6, 13.8 | H42: =Controlli_2!$L$62 -> ok | I42: 1
A43: B18 | B43: Localizzazione urbanistica e vincoli | C43: Voce dell'Allegato (es. B.16) | F43: Ordinari; Accertamento – solo se Allegato A o B | G43: Sez. 13.6 | H43: =Controlli_2!$L$63 -> MANCANTE | I43: 1
A44: C – Rischi (PSAI, vulcanico, sismico)
A45: Per il PSAI si indica solo la classe di RISCHIO (la pericolosità non si considera).
A46: C01 | B46: Rischi | C46: Rischio idraulico (PSAI) | D46: R2 | F46: Ordinari; Condoni; Accertamento | G46: Sez. 5, 5 bis; 10 C13 | H46: =Controlli_2!$L$64 -> ok | I46: 1
A47: C02 | B47: Rischi | C47: Rischio frana (PSAI) | D47: Nessuno | F47: Ordinari; Condoni; Accertamento | G47: Sez. 5; 10 C14 (R3/R4 anche per art. 33 quater LR 16/2004) | H47: =Controlli_2!$L$65 -> ok | I47: 1
A48: C03 | B48: Rischi | C48: Edificio in area a rischio | D48: Non noto | F48: Ordinari; Condoni; Accertamento – solo se c'è un rischio | G48: Sez. 10 C15 | H48: =Controlli_2!$L$66 -> NON NOTO | I48: 1
A49: C04 | B49: Rischi | C49: Presenza di cavità o sinkholes | F49: Ordinari [parametri]; Accertamento [parametri] | G49: Sez. 10 C16 | H49: =Controlli_2!$L$67 | I49: 1
A50: C05 | B50: Rischi | C50: Distanza da alvei/argini | E50: m | F50: Ordinari [parametri]; Accertamento [parametri] | G50: Sez. 10 C16 | H50: =Controlli_2!$L$68 | I50: 1
A51: C06 | B51: Rischi | C51: Rischio vulcanico/sismico segnalato dalle carte del PUC (P4.1, P4.3) | F51: Ordinari [parametri]; Accertamento [parametri] | G51: Sez. 10 C17; NTA art. 16 c. 2 | H51: =Controlli_2!$L$69 | I51: 1
A52: C07 | B52: Rischi | C52: Lavori su parti strutturali | D52: No | F52: Ordinari; Accertamento | G52: Sez. 14.7, 24 | H52: =Controlli_2!$L$70 -> ok | I52: 1
A53: C08 | B53: Rischi | C53: Categoria dell'intervento ai fini sismici | F53: Ordinari; Accertamento – solo se lavori strutturali | G53: Sez. 24 | H53: =Controlli_2!$L$71 | I53: 1
A54: D – Stato legittimo e difformità
A55: D01 | B55: Stato legittimo e difformità | C55: Titolo originario dell'edificio | D55: Nessun titolo (preesistente all'obbligo di titolo) | F55: Ordinari; Agibilità; Accertamento | G55: Sez. 10 D19; 14.8 | H55: =Controlli_2!$L$72 -> ok | I55: 1
A56: D02 | B56: Stato legittimo e difformità | C56: Data del titolo originario (nessun numero di protocollo) | F56: Ordinari; Agibilità; Accertamento – solo se esiste un titolo | G56: Sez. 10 D19 | H56: =Controlli_2!$L$73 | I56: 1
A57: D03 | B57: Stato legittimo e difformità | C57: Epoca di costruzione | D57: 1945-1955 | F57: Ordinari; Condoni; Accertamento | G57: Sez. 3 (art. 15 c. 8: ante 1945/1955), 14.8 | H57: =Controlli_2!$L$74 -> ok | I57: 1
A58: D04 | B58: Stato legittimo e difformità | C58: Edificio già oggetto di condono rilasciato | D58: No | F58: Ordinari; Agibilità; Accertamento | G58: Sez. 10 D19; 12 | H58: =Controlli_2!$L$75 -> ok | I58: 1
A59: D05 | B59: Stato legittimo e difformità | C59: Stato legittimo | D59: Da acquisire d'ufficio | F59: Ordinari; Accertamento | G59: Sez. 14.8, 26 (LR 31/2021 art. 27 c. 4: «da acquisire d'ufficio») | H59: =Controlli_2!$L$76 -> ok | I59: 1
A60: D06 | B60: Stato legittimo e difformità | C60: Difformità presenti rispetto allo stato legittimo | D60: Sì | F60: Tutti | G60: Sez. 10 D20; 14.4 | H60: =Controlli_2!$L$77 -> ok | I60: 1
A61: D07 | B61: Stato legittimo e difformità | C61: Qualificazione proposta della difformità | D61: Totale difformità | F61: Tutti – solo se ci sono difformità | G61: Sez. 14.4 | H61: =Controlli_2!$L$78 -> ok | I61: 1
A62: D08 | B62: Stato legittimo e difformità | C62: Data di realizzazione dell'abuso / delle opere difformi | F62: Condoni; Accertamento | G62: Sez. 10 D21; 12.1, 14.5 | H62: =Controlli_2!$L$79 | I62: 1
A63: D09 | B63: Stato legittimo e difformità | C63: Data di ultimazione delle opere | F63: Condoni; Agibilità; Accertamento | G63: Sez. 10 D21; 12.1, 14.3 | H63: =Controlli_2!$L$80 | I63: 1
A64: D10 | B64: Stato legittimo e difformità | C64: Documentazione che prova la data | F64: Condoni; Accertamento | G64: Sez. 14.8; 12.5 | H64: =Controlli_2!$L$81 | I64: 1
A65: D11 | B65: Stato legittimo e difformità | C65: Superficie utile assentita dell'unità | E65: mq | F65: Accertamento – solo se ci sono difformità | G65: Tolleranze art. 34-bis: sez. 14.5 | H65: =Controlli_2!$L$82 | I65: 1
A66: D12 | B66: Stato legittimo e difformità | C66: Volume assentito | E66: mc | F66: Accertamento – solo se ci sono difformità | G66: Sez. 14.5, 14.8 | H66: =Controlli_2!$L$83 | I66: 1
A67: D13 | B67: Stato legittimo e difformità | C67: Volume realizzato | E67: mc | F67: Accertamento – solo se ci sono difformità | G67: Sez. 14.5, 14.8 | H67: =Controlli_2!$L$84 | I67: 1
A68: D14 | B68: Stato legittimo e difformità | C68: Superficie coperta assentita | E68: mq | F68: Accertamento – solo se ci sono difformità | G68: Sez. 14.5 | H68: =Controlli_2!$L$85 | I68: 1
A69: D15 | B69: Stato legittimo e difformità | C69: Superficie coperta realizzata | E69: mq | F69: Accertamento – solo se ci sono difformità | G69: Sez. 14.5 | H69: =Controlli_2!$L$86 | I69: 1
A70: D16 | B70: Stato legittimo e difformità | C70: Altezza assentita | E70: m | F70: Accertamento – solo se ci sono difformità | G70: Sez. 14.5 | H70: =Controlli_2!$L$87 | I70: 1
A71: D17 | B71: Stato legittimo e difformità | C71: Altezza realizzata | E71: m | F71: Accertamento – solo se ci sono difformità | G71: Sez. 14.5 | H71: =Controlli_2!$L$88 | I71: 1
A72: D18 | B72: Stato legittimo e difformità | C72: Distacco minimo assentito | E72: m | F72: Accertamento – solo se ci sono difformità | G72: Sez. 14.5 | H72: =Controlli_2!$L$89 | I72: 1
A73: D19 | B73: Stato legittimo e difformità | C73: Distacco minimo realizzato | E73: m | F73: Accertamento – solo se ci sono difformità | G73: Sez. 14.5 | H73: =Controlli_2!$L$90 | I73: 1
A74: D20 | B74: Stato legittimo e difformità | C74: Titoli o domande sulla stessa unità negli ultimi 5 anni (elenco: tipo e anno, senza estremi) | F74: Ordinari [parametri] | G74: Allegato 1 NTA art. 8 c. 2: sez. 28 | H74: =Controlli_2!$L$91 | I74: 1
A75: D21 | B75: Stato legittimo e difformità | C75: Uso agricolo del fondo documentato | F75: Ordinari; Condoni; Accertamento – solo in ambiti agricoli (artt. 7-12) | G75: NTA artt. 7-11: sez. 3 | H75: =Controlli_2!$L$92 | I75: 1
A76: D22 | B76: Stato legittimo e difformità | C76: Piano di sviluppo aziendale presentato (campo aggiunto) | F76: Ordinari – solo nuova costruzione in ambito agricolo | G76: Campo aggiunto rispetto alla sez. 10: NTA artt. 8, 9, 11 (sez. 3) | H76: =Controlli_2!$L$93 | I76: 1
A77: E – Parametri edilizi (stato di fatto → progetto)
A78: Compilare solo per gli interventi che cambiano volumi, superfici, usi o carico (vedi colonna «Obbligatorio per»).
A79: E01 | B79: Parametri edilizi | C79: Superficie fondiaria (S.F.) | E79: mq | F79: Ordinari [parametri]; Accertamento [parametri] | G79: Allegato 1 NTA: sez. 28 | H79: =Controlli_2!$L$94 | I79: 1
A80: E02 | B80: Parametri edilizi | C80: Superficie coperta (S.C.) – stato di fatto | E80: mq | F80: Ordinari [parametri]; Accertamento [parametri] | G80: Sez. 28 | H80: =Controlli_2!$L$95 | I80: 1
A81: E03 | B81: Parametri edilizi | C81: Superficie coperta (S.C.) – progetto | E81: mq | F81: Ordinari [parametri]; Accertamento [parametri] | G81: Sez. 28 | H81: =Controlli_2!$L$96 | I81: 1
A82: E04 | B82: Parametri edilizi | C82: Superficie utile (S.U.) – stato di fatto | E82: mq | F82: Ordinari [parametri]; Accertamento [parametri] | G82: Sez. 28 | H82: =Controlli_2!$L$97 | I82: 1
A83: E05 | B83: Parametri edilizi | C83: Superficie utile (S.U.) – progetto | E83: mq | F83: Ordinari [parametri]; Accertamento [parametri] | G83: Sez. 28 | H83: =Controlli_2!$L$98 | I83: 1
A84: E06 | B84: Parametri edilizi | C84: Volume (V.C.) – stato di fatto | E84: mc | F84: Ordinari [parametri]; Accertamento [parametri] | G84: Sez. 28 | H84: =Controlli_2!$L$99 | I84: 1
A85: E07 | B85: Parametri edilizi | C85: Volume (V.C.) – progetto | E85: mc | F85: Ordinari [parametri]; Accertamento [parametri] | G85: Sez. 28 | H85: =Controlli_2!$L$100 | I85: 1
A86: E08 | B86: Parametri edilizi | C86: Altezza (H.F./H.M.) – stato di fatto | E86: m | F86: Ordinari [parametri]; Accertamento [parametri] | G86: Sez. 28 | H86: =Controlli_2!$L$101 | I86: 1
A87: E09 | B87: Parametri edilizi | C87: Altezza (H.F./H.M.) – progetto | E87: m | F87: Ordinari [parametri]; Accertamento [parametri] | G87: Sez. 28 | H87: =Controlli_2!$L$102 | I87: 1
A88: E10 | B88: Parametri edilizi | C88: Numero piani (N.P.) – stato di fatto | E88: n. | F88: Ordinari [parametri]; Accertamento [parametri] | G88: Sez. 28 | H88: =Controlli_2!$L$103 | I88: 1
A89: E11 | B89: Parametri edilizi | C89: Numero piani (N.P.) – progetto | E89: n. | F89: Ordinari [parametri]; Accertamento [parametri] | G89: Sez. 28 | H89: =Controlli_2!$L$104 | I89: 1
A90: E12 | B90: Parametri edilizi | C90: Unità immobiliari – stato di fatto | E90: n. | F90: Ordinari [uso/carico]; Accertamento [uso/carico] | G90: Sez. 10 E25 | H90: =Controlli_2!$L$105 | I90: 1
A91: E13 | B91: Parametri edilizi | C91: Unità immobiliari – progetto | E91: n. | F91: Ordinari [uso/carico]; Accertamento [uso/carico] | G91: Sez. 10 E25 | H91: =Controlli_2!$L$106 | I91: 1
A92: E14 | B92: Parametri edilizi | C92: Volumetria originaria | E92: mc | F92: Ordinari [parametri]; Condoni; Accertamento [parametri] | G92: Sez. 10 E26; 13.8; 12 (ampliamenti %) | H92: =Controlli_2!$L$107 | I92: 1
A93: E15 | B93: Parametri edilizi | C93: Incremento proposto / eseguito | E93: mc | F93: Ordinari [parametri]; Accertamento [parametri] | G93: Sez. 10 E26 | H93: =Controlli_2!$L$108 | I93: 1
A94: E16 | B94: Parametri edilizi | C94: Incremento sulla volumetria originaria (calcolato) | D94: =IF(AND(ISNUMBER(Scheda_2!$D$92),ISNUMBER(Scheda_2!$D$93),Scheda_2!$D$92>0),Scheda_2!$D$93/Scheda_2!$D$92,"") | E94: % | F94: — | G94: Cella calcolata: non compilare | H94: =Controlli_2!$L$109 | I94: 1
A95: E17 | B95: Parametri edilizi | C95: Incrementi già eseguiti negli ultimi 5 anni | E95: mc | F95: Ordinari [parametri] | G95: Sez. 13.8; Allegato 1 NTA | H95: =Controlli_2!$L$110 | I95: 1
A96: E18 | B96: Parametri edilizi | C96: Aumento di carico insediativo | F96: Ordinari [uso/carico]; Accertamento [uso/carico] | G96: Sez. 10 E27; 17.1 (zona rossa), 5 (PSAI) | H96: =Controlli_2!$L$111 | I96: 1
A97: E19 | B97: Parametri edilizi | C97: Entità dell'aumento (abitanti/addetti/utenti) | E97: n. | F97: Ordinari [uso/carico]; Accertamento [uso/carico] – solo se aumenta il carico | G97: Sez. 10 E27 | H97: =Controlli_2!$L$112 | I97: 1
A98: E20 | B98: Parametri edilizi | C98: Aumento di volumi abitabili o del numero di unità abitative | F98: Ordinari [uso/carico]; Accertamento [uso/carico] | G98: Sez. 17.1 (divieto in zona rossa) | H98: =Controlli_2!$L$113 | I98: 1
A99: E21 | B99: Parametri edilizi | C99: Interrati o seminterrati | F99: Ordinari [parametri]; Accertamento [parametri] | G99: Sez. 10 E28; 5 bis (Allegato A3) | H99: =Controlli_2!$L$114 | I99: 1
A100: E22 | B100: Parametri edilizi | C100: Altezza netta dell'interrato/seminterrato | E100: m | F100: Ordinari [parametri]; Accertamento [parametri] – solo se ci sono interrati | G100: Sez. 10 E28 | H100: =Controlli_2!$L$115 | I100: 1
A101: E23 | B101: Parametri edilizi | C101: Quota dell'interrato rispetto al piano campagna | E101: m | F101: Ordinari [parametri]; Accertamento [parametri] – solo se ci sono interrati | G101: Sez. 10 E28 | H101: =Controlli_2!$L$116 | I101: 1
...

Sheet Controlli_2
A1: Controlli – dati mancanti e segnalazioni automatiche
A2: Le formule leggono il foglio «Scheda_2». Un campo obbligatorio vuoto è «MANCANTE» (rosso); «non noto» è accettato ma contato a parte. Le segnalazioni non sostituiscono la verifica del funzionario.
A3: Riepilogo
A4: Proc. | B4: =Scheda_2!$D$19&"" -> CILA
A5: Gruppo | B5: =IFERROR(VLOOKUP(Scheda_2!$D$19,Elenchi!$A$2:$B$12,2,FALSE()),"") -> ORD | C5: Gruppo del procedimento (ORD / CON / AGI / ACC)
A6: Parametri | B6: =IFERROR(VLOOKUP(Scheda_2!$D$20,Elenchi!$D$2:$H$40,2,FALSE()),0) -> 0 | C6: Qualificazione con parametri edilizi (1 = sì)
A7: Uso/carico | B7: =IFERROR(VLOOKUP(Scheda_2!$D$20,Elenchi!$D$2:$H$40,3,FALSE()),0) -> 0 | C7: Qualificazione che può cambiare uso o carico (1 = sì)
A8: Dem.-ric. | B8: =IFERROR(VLOOKUP(Scheda_2!$D$20,Elenchi!$D$2:$H$40,4,FALSE()),0) -> 0 | C8: Demolizione e ricostruzione (1 = sì)
A9: Tetto | B9: =IFERROR(VLOOKUP(Scheda_2!$D$20,Elenchi!$D$2:$H$40,5,FALSE()),0) -> 0 | C9: Intervento «tetto» (1 = sì)
A11: Obbligatori | B11: =SUM(K33:K253) -> 44 | C11: campi richiesti per questo procedimento
A12: Compilati | B12: =COUNTIF(L33:L253,"ok") -> 40 | C12: campi richiesti e compilati
A13: MANCANTI | B13: =COUNTIF(L33:L253,"MANCANTE") -> 2 | C13: campi richiesti e vuoti
A14: Non noti | B14: =COUNTIF(L33:L253,"NON NOTO") -> 2 | C14: campi richiesti con valore «non noto»
A16: Segnalazioni automatiche (vuote = nessuna)
A17: Zona A-F | B17: =IF(Scheda_2!$D$29<>"","Zona applicata: "&Scheda_2!$D$29&IF(Scheda_2!$D$28<>""," (dalla scheda, prevale)"," (default dell'ambito, sez. 35.0)"),"Zona A-F non determinata: se serve il K3 indicarla nel campo «zona omogenea»") -> Zona applicata: B (dalla scheda, prevale)
A18: Vincolo/opere | B18: =IF(OR($B$5="CON",$B$5="ACC"),IF(AND(ISNUMBER(Scheda_2!$D$39),ISNUMBER(Scheda_2!$D$62)),IF(Scheda_2!$D$39<=Scheda_2!$D$62,"Vincolo paesaggistico ANTERIORE alle opere (sez. 12.9, 13.2)","Vincolo paesaggistico POSTERIORE alle opere (sez. 12.9, 13.2)"),"Data di istituzione del vincolo o data delle opere mancante: confronto non possibile"),"")
A19: Sez. H | B19: =IF(AND($B$5="CON",Scheda_2!$D$145<>"Sì"),"ATTENZIONE: procedimento di condono, attivare la sezione H","")
A20: Sez. M | B20: =IF(AND(Scheda_2!$D$19="Edilizia libera",Scheda_2!$D$217<>"Sì"),"ATTENZIONE: edilizia libera, attivare la sezione M","")
A21: Sez. I | B21: =IF(AND(Scheda_2!$D$20="Recupero abitativo del sottotetto",Scheda_2!$D$171<>"Sì"),"ATTENZIONE: recupero del sottotetto, attivare la sezione I","")
A22: Sez. S | B22: =IF(AND(Scheda_2!$D$52="Sì",Scheda_2!$D$236<>"Sì"),"ATTENZIONE: lavori su parti strutturali, attivare la sezione S","")
A23: Sismica | B23: =IF(Scheda_2!$D$236<>"Sì","",IF(Scheda_2!$D$239="Sì","Autorizzazione sismica: Genio Civile (istanza già inoltrata prima del 01/11/2025, LR 26/2025)",IF(OR(AND(ISNUMBER(Scheda_2!$D$237),Scheda_2!$D$237>16.5),AND(ISNUMBER(Scheda_2!$D$238),Scheda_2!$D$238>4)),"Autorizzazione sismica: Genio Civile (oltre i limiti LR 26/2025: 16,50 m / 4,00 m)",IF(AND(ISNUMBER(Scheda_2!$D$237),ISNUMBER(Scheda_2!$D$238)),"Autorizzazione sismica: Comune (commissione sismica attiva, entro i limiti LR 26/2025)","Competenza sismica non determinabile: altezza strutturale o profondità interrata mancante"))))
A24: PSAI R3/R4 | B24: =IF(OR(Scheda_2!$D$46="R3",Scheda_2!$D$46="R4",Scheda_2!$D$47="R3",Scheda_2!$D$47="R4"),"Rischio PSAI R3/R4: sez. 5 e 5 bis; incentivi di rigenerazione esclusi (art. 33 quater LR 16/2004)","")
A25: Rischio atteso | B25: =IF(AND(OR(AND(Scheda_2!$D$46<>"",Scheda_2!$D$46<>"Nessuno",Scheda_2!$D$46<>"Non noto"),AND(Scheda_2!$D$47<>"",Scheda_2!$D$47<>"Nessuno",Scheda_2!$D$47<>"Non noto")),OR($B$6=1,$B$7=1)),"Intervento nuovo o con aumento di carico in area a rischio: segnalare la verifica del rischio atteso PSAI senza concludere (sez. 8 n. 27)","")
A26: Condono pend. | B26: =IF(Scheda_2!$D$242<>"Sì","",IF(OR(Scheda_2!$D$245="Sì",Scheda_2!$D$246="Sì",Scheda_2!$D$247="Sì",Scheda_2!$D$244="Altro (eccedente)"),"Delibera C.C. 22/2023: intervento oltre i limiti, servono fascicolo integrato, valutazione NTC 8.3, autodichiarazione e perizia giurata (sez. 37.2)","Delibera C.C. 22/2023: intervento entro i limiti di MO, MS, efficientamento, restauro; verificare le quattro condizioni (sez. 37.2)")) -> Delibera C.C. 22/2023: intervento entro i limiti di MO, MS, efficientamento, restauro; verificare le quattro condizioni (sez. 37.2)
A27: Date | B27: =IF(AND(ISNUMBER(Scheda_2!$D$62),ISNUMBER(Scheda_2!$D$22),Scheda_2!$D$62>Scheda_2!$D$22),"ATTENZIONE: data di realizzazione successiva alla data di presentazione","")
A28: Zona rossa | B28: =IF(OR(Scheda_2!$D$119="Sì",Scheda_2!$D$98="Sì"),"ATTENZIONE: aumento di volumi abitabili o mutamento d'uso verso l'abitativo in zona rossa (LR 21/2003, sez. 17)","")
A29: K3 | B29: =IF(AND(Scheda_2!$D$193="Sì",Scheda_2!$D$29=""),"Contributo: zona omogenea A-F non determinata, indicarla nella scheda (sez. 29.3, 35)","")
A31: Regole per campo (X = sempre; P, C, DR, T = solo se la qualificazione ha quel flag, vedi Elenchi)
A32: Codice | B32: Campo | C32: Sezione | D32: ORD | E32: CON | F32: AGI | G32: ACC | H32: Pertinente | I32: Condizione | J32: Regola | K32: Obbligatorio | L32: Stato
A33: Z01 | B33: Zona sismica | C33: Dati noti per Ottaviano | H33: 1 | I33: 1 | J33: =IF($B$5="","",IF($B$5="ORD",D33,IF($B$5="CON",E33,IF($B$5="AGI",F33,G33)))) -> 0 | K33: 0 | L33: =IF(K33=0,"",IF(LEN(TRIM(Scheda_2!$D$9&""))=0,"MANCANTE",IF(LEFT(LOWER(TRIM(Scheda_2!$D$9&"")),7)="non not","NON NOTO","ok")))
A34: Z02 | B34: Zona rossa vesuviana (LR 21/2003) | C34: Dati noti per Ottaviano | H34: 1 | I34: 1 | J34: =IF($B$5="","",IF($B$5="ORD",D34,IF($B$5="CON",E34,IF($B$5="AGI",F34,G34)))) -> 0 | K34: 0 | L34: =IF(K34=0,"",IF(LEN(TRIM(Scheda_2!$D$10&""))=0,"MANCANTE",IF(LEFT(LOWER(TRIM(Scheda_2!$D$10&"")),7)="non not","NON NOTO","ok")))
A35: Z03 | B35: Vincolo paesaggistico | C35: Dati noti per Ottaviano | H35: 1 | I35: 1 | J35: =IF($B$5="","",IF($B$5="ORD",D35,IF($B$5="CON",E35,IF($B$5="AGI",F35,G35)))) -> 0 | K35: 0 | L35: =IF(K35=0,"",IF(LEN(TRIM(Scheda_2!$D$11&""))=0,"MANCANTE",IF(LEFT(LOWER(TRIM(Scheda_2!$D$11&"")),7)="non not","NON NOTO","ok")))
A36: Z04 | B36: PSAI vigente | C36: Dati noti per Ottaviano | H36: 1 | I36: 1 | J36: =IF($B$5="","",IF($B$5="ORD",D36,IF($B$5="CON",E36,IF($B$5="AGI",F36,G36)))) -> 0 | K36: 0 | L36: =IF(K36=0,"",IF(LEN(TRIM(Scheda_2!$D$12&""))=0,"MANCANTE",IF(LEFT(LOWER(TRIM(Scheda_2!$D$12&"")),7)="non not","NON NOTO","ok")))
A37: Z05 | B37: Funzioni sismiche | C37: Dati noti per Ottaviano | H37: 1 | I37: 1 | J37: =IF($B$5="","",IF($B$5="ORD",D37,IF($B$5="CON",E37,IF($B$5="AGI",F37,G37)))) -> 0 | K37: 0 | L37: =IF(K37=0,"",IF(LEN(TRIM(Scheda_2!$D$13&""))=0,"MANCANTE",IF(LEFT(LOWER(TRIM(Scheda_2!$D$13&"")),7)="non not","NON NOTO","ok")))
A38: Z06 | B38: Delibera oneri e K2 | C38: Dati noti per Ottaviano | H38: 1 | I38: 1 | J38: =IF($B$5="","",IF($B$5="ORD",D38,IF($B$5="CON",E38,IF($B$5="AGI",F38,G38)))) -> 0 | K38: 0 | L38: =IF(K38=0,"",IF(LEN(TRIM(Scheda_2!$D$14&""))=0,"MANCANTE",IF(LEFT(LOWER(TRIM(Scheda_2!$D$14&"")),7)="non not","NON NOTO","ok")))
A39: Z07 | B39: Prevalenza NTA / RUEC | C39: Dati noti per Ottaviano | H39: 1 | I39: 1 | J39: =IF($B$5="","",IF($B$5="ORD",D39,IF($B$5="CON",E39,IF($B$5="AGI",F39,G39)))) -> 0 | K39: 0 | L39: =IF(K39=0,"",IF(LEN(TRIM(Scheda_2!$D$15&""))=0,"MANCANTE",IF(LEFT(LOWER(TRIM(Scheda_2!$D$15&"")),7)="non not","NON NOTO","ok")))
A40: A01 | B40: Codice pratica anonimo (scelto dall'ufficio, senza nomi né numeri di protocollo identificativi) | C40: Procedimento | D40: X | E40: X | F40: X | G40: X | H40: 1 | I40: 1 | J40: =IF($B$5="","",IF($B$5="ORD",D40,IF($B$5="CON",E40,IF($B$5="AGI",F40,G40)))) -> X | K40: =IF(H40=1,1,0) -> 1 | L40: =IF(K40=0,"",IF(LEN(TRIM(Scheda_2!$D$18&""))=0,"MANCANTE",IF(LEFT(LOWER(TRIM(Scheda_2!$D$18&"")),7)="non not","NON NOTO","ok"))) -> ok
A41: A02 | B41: Tipo di procedimento | C41: Procedimento | D41: X | E41: X | F41: X | G41: X | H41: 1 | I41: 1 | J41: =IF($B$5="","",IF($B$5="ORD",D41,IF($B$5="CON",E41,IF($B$5="AGI",F41,G41)))) -> X | K41: =IF(H41=1,1,0) -> 1 | L41: =IF(K41=0,"",IF(LEN(TRIM(Scheda_2!$D$19&""))=0,"MANCANTE",IF(LEFT(LOWER(TRIM(Scheda_2!$D$19&"")),7)="non not","NON NOTO","ok"))) -> ok
A42: A03 | B42: Qualificazione dell'intervento (DPR 380/2001) | C42: Procedimento | D42: X | G42: X | H42: 1 | I42: 1 | J42: =IF($B$5="","",IF($B$5="ORD",D42,IF($B$5="CON",E42,IF($B$5="AGI",F42,G42)))) -> X | K42: =IF(OR(H42=0,I42=0,J42=""),0,IF(IF(J42="X",1,IF(J42="P",$B$6,IF(J42="C",$B$7,IF(J42="DR",$B$8,IF(J42="T",$B$9,0)))))=1,1,0)) -> 1 | L42: =IF(K42=0,"",IF(LEN(TRIM(Scheda_2!$D$20&""))=0,"MANCANTE",IF(LEFT(LOWER(TRIM(Scheda_2!$D$20&"")),7)="non not","NON NOTO","ok"))) -> ok
A43: A04 | B43: Descrizione sintetica delle opere (solo dati tecnici, nessun dato personale) | C43: Procedimento | D43: X | E43: X | G43: X | H43: 1 | I43: 1 | J43: =IF($B$5="","",IF($B$5="ORD",D43,IF($B$5="CON",E43,IF($B$5="AGI",F43,G43)))) -> X | K43: =IF(OR(H43=0,I43=0,J43=""),0,IF(IF(J43="X",1,IF(J43="P",$B$6,IF(J43="C",$B$7,IF(J43="DR",$B$8,IF(J43="T",$B$9,0)))))=1,1,0)) -> 1 | L43: =IF(K43=0,"",IF(LEN(TRIM(Scheda_2!$D$21&""))=0,"MANCANTE",IF(LEFT(LOWER(TRIM(Scheda_2!$D$21&"")),7)="non not","NON NOTO","ok"))) -> ok
A44: A05 | B44: Data di presentazione della domanda / del titolo | C44: Procedimento | D44: X | E44: X | F44: X | G44: X | H44: 1 | I44: 1 | J44: =IF($B$5="","",IF($B$5="ORD",D44,IF($B$5="CON",E44,IF($B$5="AGI",F44,G44)))) -> X | K44: =IF(OR(H44=0,I44=0,J44=""),0,IF(IF(J44="X",1,IF(J44="P",$B$6,IF(J44="C",$B$7,IF(J44="DR",$B$8,IF(J44="T",$B$9,0)))))=1,1,0)) -> 1 | L44: =IF(K44=0,"",IF(LEN(TRIM(Scheda_2!$D$22&""))=0,"MANCANTE",IF(LEFT(LOWER(TRIM(Scheda_2!$D$22&"")),7)="non not","NON NOTO","ok"))) -> ok
A45: A06 | B45: Data di rilascio del PdC (solo PdC; decorrenza della delibera oneri) | C45: Procedimento | D45: X | H45: 1 | I45: =IF(Scheda_2!$D$19="PdC",1,0) -> 0 | J45: =IF($B$5="","",IF($B$5="ORD",D45,IF($B$5="CON",E45,IF($B$5="AGI",F45,G45)))) -> X | K45: =IF(OR(H45=0,I45=0,J45=""),0,IF(IF(J45="X",1,IF(J45="P",$B$6,IF(J45="C",$B$7,IF(J45="DR",$B$8,IF(J45="T",$B$9,0)))))=1,1,0)) -> 0 | L45: =IF(K45=0,"",IF(LEN(TRIM(Scheda_2!$D$23&""))=0,"MANCANTE",IF(LEFT(LOWER(TRIM(Scheda_2!$D$23&"")),7)="non not","NON NOTO","ok")))
A46: B01 | B46: Ambito PUC (articolo NTA) | C46: Localizzazione urbanistica e vincoli | D46: X | E46: X | G46: X | H46: 1 | I46: 1 | J46: =IF($B$5="","",IF($B$5="ORD",D46,IF($B$5="CON",E46,IF($B$5="AGI",F46,G46)))) -> X | K46: =IF(OR(H46=0,I46=0,J46=""),0,IF(IF(J46="X",1,IF(J46="P",$B$6,IF(J46="C",$B$7,IF(J46="DR",$B$8,IF(J46="T",$B$9,0)))))=1,1,0)) -> 1 | L46: =IF(K46=0,"",IF(LEN(TRIM(Scheda_2!$D$26&""))=0,"MANCANTE",IF(LEFT(LOWER(TRIM(Scheda_2!$D$26&"")),7)="non not","NON NOTO","ok"))) -> ok
A47: B02 | B47: Zona omogenea A-F di default (calcolata dall'ambito) | C47: Localizzazione urbanistica e vincoli | H47: 1 | I47: 1 | J47: =IF($B$5="","",IF($B$5="ORD",D47,IF($B$5="CON",E47,IF($B$5="AGI",F47,G47)))) -> 0 | K47: 0 | L47: =IF(K47=0,"",IF(LEN(TRIM(Scheda_2!$D$27&""))=0,"MANCANTE",IF(LEFT(LOWER(TRIM(Scheda_2!$D$27&"")),7)="non not","NON NOTO","ok")))
A48: B03 | B48: Zona omogenea A-F, se nota (prevale sul default dell'ambito) | C48: Localizzazione urbanistica e vincoli | H48: 1 | I48: 1 | J48: =IF($B$5="","",IF($B$5="ORD",D48,IF($B$5="CON",E48,IF($B$5="AGI",F48,G48)))) -> 0 | K48: =IF(OR(H48=0,I48=0,J48=""),0,IF(IF(J48="X",1,IF(J48="P",$B$6,IF(J48="C",$B$7,IF(J48="DR",$B$8,IF(J48="T",$B$9,0)))))=1,1,0)) -> 0 | L48: =IF(K48=0,"",IF(LEN(TRIM(Scheda_2!$D$28&""))=0,"MANCANTE",IF(LEFT(LOWER(TRIM(Scheda_2!$D$28&"")),7)="non not","NON NOTO","ok")))
A49: B04 | B49: Zona omogenea applicata (calcolata) | C49: Localizzazione urbanistica e vincoli | H49: 1 | I49: 1 | J49: =IF($B$5="","",IF($B$5="ORD",D49,IF($B$5="CON",E49,IF($B$5="AGI",F49,G49)))) -> 0 | K49: 0 | L49: =IF(K49=0,"",IF(LEN(TRIM(Scheda_2!$D$29&""))=0,"MANCANTE",IF(LEFT(LOWER(TRIM(Scheda_2!$D$29&"")),7)="non not","NON NOTO","ok")))
A50: B05 | B50: Zona PTP | C50: Localizzazione urbanistica e vincoli | D50: X | E50: X | G50: X | H50: 1 | I50: 1 | J50: =IF($B$5="","",IF($B$5="ORD",D50,IF($B$5="CON",E50,IF($B$5="AGI",F50,G50)))) -> X | K50: =IF(OR(H50=0,I50=0,J50=""),0,IF(IF(J50="X",1,IF(J50="P",$B$6,IF(J50="C",$B$7,IF(J50="DR",$B$8,IF(J50="T",$B$9,0)))))=1,1,0)) -> 1 | L50: =IF(K50=0,"",IF(LEN(TRIM(Scheda_2!$D$30&""))=0,"MANCANTE",IF(LEFT(LOWER(TRIM(Scheda_2!$D$30&"")),7)="non not","NON NOTO","ok"))) -> ok
A51: B06 | B51: Rapporto con il Parco Nazionale del Vesuvio | C51: Localizzazione urbanistica e vincoli | D51: X | E51: X | G51: X | H51: 1 | I51: 1 | J51: =IF($B$5="","",IF($B$5="ORD",D51,IF($B$5="CON",E51,IF($B$5="AGI",F51,G51)))) -> X | K51: =IF(OR(H51=0,I51=0,J51=""),0,IF(IF(J51="X",1,IF(J51="P",$B$6,IF(J51="C",$B$7,IF(J51="DR",$B$8,IF(J51="T",$B$9,0)))))=1,1,0)) -> 1 | L51: =IF(K51=0,"",IF(LEN(TRIM(Scheda_2!$D$31&""))=0,"MANCANTE",IF(LEFT(LOWER(TRIM(Scheda_2!$D$31&"")),7)="non not","NON NOTO","ok"))) -> ok
A52: B07 | B52: Interessa SIC/ZPS | C52: Localizzazione urbanistica e vincoli | D52: X | E52: X | G52: X | H52: 1 | I52: 1 | J52: =IF($B$5="","",IF($B$5="ORD",D52,IF($B$5="CON",E52,IF($B$5="AGI",F52,G52)))) -> X | K52: =IF(OR(H52=0,I52=0,J52=""),0,IF(IF(J52="X",1,IF(J52="P",$B$6,IF(J52="C",$B$7,IF(J52="DR",$B$8,IF(J52="T",$B$9,0)))))=1,1,0)) -> 1 | L52: =IF(K52=0,"",IF(LEN(TRIM(Scheda_2!$D$32&""))=0,"MANCANTE",IF(LEFT(LOWER(TRIM(Scheda_2!$D$32&"")),7)="non not","NON NOTO","ok"))) -> ok
A53: B08 | B53: Area boscata | C53: Localizzazione urbanistica e vincoli | D53: X | E53: X | G53: X | H53: 1 | I53: 1 | J53: =IF($B$5="","",IF($B$5="ORD",D53,IF($B$5="CON",E53,IF($B$5="AGI",F53,G53)))) -> X | K53: =IF(OR(H53=0,I53=0,J53=""),0,IF(IF(J53="X",1,IF(J53="P",$B$6,IF(J53="C",$B$7,IF(J53="DR",$B$8,IF(J53="T",$B$9,0)))))=1,1,0)) -> 1 | L53: =IF(K53=0,"",IF(LEN(TRIM(Scheda_2!$D$33&""))=0,"MANCANTE",IF(LEFT(LOWER(TRIM(Scheda_2!$D$33&"")),7)="non not","NON NOTO","ok"))) -> ok
A54: B09 | B54: Area archeologica | C54: Localizzazione urbanistica e vincoli | D54: X | E54: X | G54: X | H54: 1 | I54: 1 | J54: =IF($B$5="","",IF($B$5="ORD",D54,IF($B$5="CON",E54,IF($B$5="AGI",F54,G54)))) -> X | K54: =IF(OR(H54=0,I54=0,J54=""),0,IF(IF(J54="X",1,IF(J54="P",$B$6,IF(J54="C",$B$7,IF(J54="DR",$B$8,IF(J54="T",$B$9,0)))))=1,1,0)) -> 1 | L54: =IF(K54=0,"",IF(LEN(TRIM(Scheda_2!$D$34&""))=0,"MANCANTE",IF(LEFT(LOWER(TRIM(Scheda_2!$D$34&"")),7)="non not","NON NOTO","ok"))) -> ok
A55: B10 | B55: Immobile bene culturale (art. 10 D.Lgs 42/04) o soggetto a tutela indiretta (artt. 45-47) | C55: Localizzazione urbanistica e vincoli | D55: X | E55: X | G55: X | H55: 1 | I55: 1 | J55: =IF($B$5="","",IF($B$5="ORD",D55,IF($B$5="CON",E55,IF($B$5="AGI",F55,G55)))) -> X | K55: =IF(OR(H55=0,I55=0,J55=""),0,IF(IF(J55="X",1,IF(J55="P",$B$6,IF(J55="C",$B$7,IF(J55="DR",$B$8,IF(J55="T",$B$9,0)))))=1,1,0)) -> 1 | L55: =IF(K55=0,"",IF(LEN(TRIM(Scheda_2!$D$35&""))=0,"MANCANTE",IF(LEFT(LOWER(TRIM(Scheda_2!$D$35&"")),7)="non not","NON NOTO","ok"))) -> ok
A56: B11 | B56: Fascia di rispetto interessata | C56: Localizzazione urbanistica e vincoli | D56: P | E56: X | G56: P | H56: 1 | I56: 1 | J56: =IF($B$5="","",IF($B$5="ORD",D56,IF($B$5="CON",E56,IF($B$5="AGI",F56,G56)))) -> P | K56: =IF(OR(H56=0,I56=0,J56=""),0,IF(IF(J56="X",1,IF(J56="P",$B$6,IF(J56="C",$B$7,IF(J56="DR",$B$8,IF(J56="T",$B$9,0)))))=1,1,0)) -> 0 | L56: =IF(K56=0,"",IF(LEN(TRIM(Scheda_2!$D$36&""))=0,"MANCANTE",IF(LEFT(LOWER(TRIM(Scheda_2!$D$36&"")),7)="non not","NON NOTO","ok")))
A57: B12 | B57: Distanza dalla fascia / dall'elemento vincolante | C57: Localizzazione urbanistica e vincoli | D57: P | G57: P | H57: 1 | I57: =IF(AND(Scheda_2!$D$36<>"",Scheda_2!$D$36<>"Nessuna",Scheda_2!$D$36<>"Non noto"),1,0) -> 0 | J57: =IF($B$5="","",IF($B$5="ORD",D57,IF($B$5="CON",E57,IF($B$5="AGI",F57,G57)))) -> P | K57: =IF(OR(H57=0,I57=0,J57=""),0,IF(IF(J57="X",1,IF(J57="P",$B$6,IF(J57="C",$B$7,IF(J57="DR",$B$8,IF(J57="T",$B$9,0)))))=1,1,0)) -> 0 | L57: =IF(K57=0,"",IF(LEN(TRIM(Scheda_2!$D$37&""))=0,"MANCANTE",IF(LEFT(LOWER(TRIM(Scheda_2!$D$37&"")),7)="non not","NON NOTO","ok")))
A58: B13 | B58: Vincolo paesaggistico rafforzato (provvedimento specifico oltre al vincolo generale) | C58: Localizzazione urbanistica e vincoli | D58: X | E58: X | G58: X | H58: 1 | I58: 1 | J58: =IF($B$5="","",IF($B$5="ORD",D58,IF($B$5="CON",E58,IF($B$5="AGI",F58,G58)))) -> X | K58: =IF(OR(H58=0,I58=0,J58=""),0,IF(IF(J58="X",1,IF(J58="P",$B$6,IF(J58="C",$B$7,IF(J58="DR",$B$8,IF(J58="T",$B$9,0)))))=1,1,0)) -> 1 | L58: =IF(K58=0,"",IF(LEN(TRIM(Scheda_2!$D$38&""))=0,"MANCANTE",IF(LEFT(LOWER(TRIM(Scheda_2!$D$38&"")),7)="non not","NON NOTO","ok"))) -> ok
A59: B14 | B59: Data di istituzione del vincolo paesaggistico applicabile all'immobile | C59: Localizzazione urbanistica e vincoli | E59: X | G59: X | H59: 1 | I59: 1 | J59: =IF($B$5="","",IF($B$5="ORD",D59,IF($B$5="CON",E59,IF($B$5="AGI",F59,G59)))) -> 0 | K59: =IF(OR(H59=0,I59=0,J59=""),0,IF(IF(J59="X",1,IF(J59="P",$B$6,IF(J59="C",$B$7,IF(J59="DR",$B$8,IF(J59="T",$B$9,0)))))=1,1,0)) -> 0 | L59: =IF(K59=0,"",IF(LEN(TRIM(Scheda_2!$D$39&""))=0,"MANCANTE",IF(LEFT(LOWER(TRIM(Scheda_2!$D$39&"")),7)="non not","NON NOTO","ok")))
A60: B15 | B60: Data di istituzione del vincolo del Parco (o «non applicabile» se fuori Parco) | C60: Localizzazione urbanistica e vincoli | E60: X | G60: X | H60: 1 | I60: 1 | J60: =IF($B$5="","",IF($B$5="ORD",D60,IF($B$5="CON",E60,IF($B$5="AGI",F60,G60)))) -> 0 | K60: =IF(OR(H60=0,I60=0,J60=""),0,IF(IF(J60="X",1,IF(J60="P",$B$6,IF(J60="C",$B$7,IF(J60="DR",$B$8,IF(J60="T",$B$9,0)))))=1,1,0)) -> 0 | L60: =IF(K60=0,"",IF(LEN(TRIM(Scheda_2!$D$40&""))=0,"MANCANTE",IF(LEFT(LOWER(TRIM(Scheda_2!$D$40&"")),7)="non not","NON NOTO","ok")))
A61: B16 | B61: Data di istituzione di altri vincoli presenti (idrogeologico, archeologico, ecc.; o «non applicabile») | C61: Localizzazione urbanistica e vincoli | E61: X | G61: X | H61: 1 | I61: 1 | J61: =IF($B$5="","",IF($B$5="ORD",D61,IF($B$5="CON",E61,IF($B$5="AGI",F61,G61)))) -> 0 | K61: =IF(OR(H61=0,I61=0,J61=""),0,IF(IF(J61="X",1,IF(J61="P",$B$6,IF(J61="C",$B$7,IF(J61="DR",$B$8,IF(J61="T",$B$9,0)))))=1,1,0)) -> 0 | L61: =IF(K61=0,"",IF(LEN(TRIM(Scheda_2!$D$41&""))=0,"MANCANTE",IF(LEFT(LOWER(TRIM(Scheda_2!$D$41&"")),7)="non not","NON NOTO","ok")))
A62: B17 | B62: Allegato A o B del DPR 31/2017 applicabile | C62: Localizzazione urbanistica e vincoli | D62: X | G62: X | H62: 1 | I62: 1 | J62: =IF($B$5="","",IF($B$5="ORD",D62,IF($B$5="CON",E62,IF($B$5="AGI",F62,G62)))) -> X | K62: =IF(OR(H62=0,I62=0,J62=""),0,IF(IF(J62="X",1,IF(J62="P",$B$6,IF(J62="C",$B$7,IF(J62="DR",$B$8,IF(J62="T",$B$9,0)))))=1,1,0)) -> 1 | L62: =IF(K62=0,"",IF(LEN(TRIM(Scheda_2!$D$42&""))=0,"MANCANTE",IF(LEFT(LOWER(TRIM(Scheda_2!$D$42&"")),7)="non not","NON NOTO","ok"))) -> ok
A63: B18 | B63: Voce dell'Allegato (es. B.16) | C63: Localizzazione urbanistica e vincoli | D63: X | G63: X | H63: 1 | I63: =IF(OR(Scheda_2!$D$42="Allegato A (esclusa)",Scheda_2!$D$42="Allegato B (semplificata)"),1,0) -> 1 | J63: =IF($B$5="","",IF($B$5="ORD",D63,IF($B$5="CON",E63,IF($B$5="AGI",F63,G63)))) -> X | K63: =IF(OR(H63=0,I63=0,J63=""),0,IF(IF(J63="X",1,IF(J63="P",$B$6,IF(J63="C",$B$7,IF(J63="DR",$B$8,IF(J63="T",$B$9,0)))))=1,1,0)) -> 1 | L63: =IF(K63=0,"",IF(LEN(TRIM(Scheda_2!$D$43&""))=0,"MANCANTE",IF(LEFT(LOWER(TRIM(Scheda_2!$D$43&"")),7)="non not","NON NOTO","ok"))) -> MANCANTE
A64: C01 | B64: Rischio idraulico (PSAI) | C64: Rischi | D64: X | E64: X | G64: X | H64: 1 | I64: 1 | J64: =IF($B$5="","",IF($B$5="ORD",D64,IF($B$5="CON",E64,IF($B$5="AGI",F64,G64)))) -> X | K64: =IF(OR(H64=0,I64=0,J64=""),0,IF(IF(J64="X",1,IF(J64="P",$B$6,IF(J64="C",$B$7,IF(J64="DR",$B$8,IF(J64="T",$B$9,0)))))=1,1,0)) -> 1 | L64: =IF(K64=0,"",IF(LEN(TRIM(Scheda_2!$D$46&""))=0,"MANCANTE",IF(LEFT(LOWER(TRIM(Scheda_2!$D$46&"")),7)="non not","NON NOTO","ok"))) -> ok
A65: C02 | B65: Rischio frana (PSAI) | C65: Rischi | D65: X | E65: X | G65: X | H65: 1 | I65: 1 | J65: =IF($B$5="","",IF($B$5="ORD",D65,IF($B$5="CON",E65,IF($B$5="AGI",F65,G65)))) -> X | K65: =IF(OR(H65=0,I65=0,J65=""),0,IF(IF(J65="X",1,IF(J65="P",$B$6,IF(J65="C",$B$7,IF(J65="DR",$B$8,IF(J65="T",$B$9,0)))))=1,1,0)) -> 1 | L65: =IF(K65=0,"",IF(LEN(TRIM(Scheda_2!$D$47&""))=0,"MANCANTE",IF(LEFT(LOWER(TRIM(Scheda_2!$D$47&"")),7)="non not","NON NOTO","ok"))) -> ok
A66: C03 | B66: Edificio in area a rischio | C66: Rischi | D66: X | E66: X | G66: X | H66: 1 | I66: =IF(OR(AND(Scheda_2!$D$46<>"",Scheda_2!$D$46<>"Nessuno",Scheda_2!$D$46<>"Non noto"),AND(Scheda_2!$D$47<>"",Scheda_2!$D$47<>"Nessuno",Scheda_2!$D$47<>"Non noto")),1,0) -> 1 | J66: =IF($B$5="","",IF($B$5="ORD",D66,IF($B$5="CON",E66,IF($B$5="AGI",F66,G66)))) -> X | K66: =IF(OR(H66=0,I66=0,J66=""),0,IF(IF(J66="X",1,IF(J66="P",$B$6,IF(J66="C",$B$7,IF(J66="DR",$B$8,IF(J66="T",$B$9,0)))))=1,1,0)) -> 1 | L66: =IF(K66=0,"",IF(LEN(TRIM(Scheda_2!$D$48&""))=0,"MANCANTE",IF(LEFT(LOWER(TRIM(Scheda_2!$D$48&"")),7)="non not","NON NOTO","ok"))) -> NON NOTO
A67: C04 | B67: Presenza di cavità o sinkholes | C67: Rischi | D67: P | G67: P | H67: 1 | I67: 1 | J67: =IF($B$5="","",IF($B$5="ORD",D67,IF($B$5="CON",E67,IF($B$5="AGI",F67,G67)))) -> P | K67: =IF(OR(H67=0,I67=0,J67=""),0,IF(IF(J67="X",1,IF(J67="P",$B$6,IF(J67="C",$B$7,IF(J67="DR",$B$8,IF(J67="T",$B$9,0)))))=1,1,0)) -> 0 | L67: =IF(K67=0,"",IF(LEN(TRIM(Scheda_2!$D$49&""))=0,"MANCANTE",IF(LEFT(LOWER(TRIM(Scheda_2!$D$49&"")),7)="non not","NON NOTO","ok")))
A68: C05 | B68: Distanza da alvei/argini | C68: Rischi | D68: P | G68: P | H68: 1 | I68: 1 | J68: =IF($B$5="","",IF($B$5="ORD",D68,IF($B$5="CON",E68,IF($B$5="AGI",F68,G68)))) -> P | K68: =IF(OR(H68=0,I68=0,J68=""),0,IF(IF(J68="X",1,IF(J68="P",$B$6,IF(J68="C",$B$7,IF(J68="DR",$B$8,IF(J68="T",$B$9,0)))))=1,1,0)) -> 0 | L68: =IF(K68=0,"",IF(LEN(TRIM(Scheda_2!$D$50&""))=0,"MANCANTE",IF(LEFT(LOWER(TRIM(Scheda_2!$D$50&"")),7)="non not","NON NOTO","ok")))
A69: C06 | B69: Rischio vulcanico/sismico segnalato dalle carte del PUC (P4.1, P4.3) | C69: Rischi | D69: P | G69: P | H69: 1 | I69: 1 | J69: =IF($B$5="","",IF($B$5="ORD",D69,IF($B$5="CON",E69,IF($B$5="AGI",F69,G69)))) -> P | K69: =IF(OR(H69=0,I69=0,J69=""),0,IF(IF(J69="X",1,IF(J69="P",$B$6,IF(J69="C",$B$7,IF(J69="DR",$B$8,IF(J69="T",$B$9,0)))))=1,1,0)) -> 0 | L69: =IF(K69=0,"",IF(LEN(TRIM(Scheda_2!$D$51&""))=0,"MANCANTE",IF(LEFT(LOWER(TRIM(Scheda_2!$D$51&"")),7)="non not","NON NOTO","ok")))
A70: C07 | B70: Lavori su parti strutturali | C70: Rischi | D70: X | G70: X | H70: 1 | I70: 1 | J70: =IF($B$5="","",IF($B$5="ORD",D70,IF($B$5="CON",E70,IF($B$5="AGI",F70,G70)))) -> X | K70: =IF(OR(H70=0,I70=0,J70=""),0,IF(IF(J70="X",1,IF(J70="P",$B$6,IF(J70="C",$B$7,IF(J70="DR",$B$8,IF(J70="T",$B$9,0)))))=1,1,0)) -> 1 | L70: =IF(K70=0,"",IF(LEN(TRIM(Scheda_2!$D$52&""))=0,"MANCANTE",IF(LEFT(LOWER(TRIM(Scheda_2!$D$52&"")),7)="non not","NON NOTO","ok"))) -> ok
A71: C08 | B71: Categoria dell'intervento ai fini sismici | C71: Rischi | D71: X | G71: X | H71: 1 | I71: =IF(Scheda_2!$D$52="Sì",1,0) -> 0 | J71: =IF($B$5="","",IF($B$5="ORD",D71,IF($B$5="CON",E71,IF($B$5="AGI",F71,G71)))) -> X | K71: =IF(OR(H71=0,I71=0,J71=""),0,IF(IF(J71="X",1,IF(J71="P",$B$6,IF(J71="C",$B$7,IF(J71="DR",$B$8,IF(J71="T",$B$9,0)))))=1,1,0)) -> 0 | L71: =IF(K71=0,"",IF(LEN(TRIM(Scheda_2!$D$53&""))=0,"MANCANTE",IF(LEFT(LOWER(TRIM(Scheda_2!$D$53&"")),7)="non not","NON NOTO","ok")))
A72: D01 | B72: Titolo originario dell'edificio | C72: Stato legittimo e difformità | D72: X | F72: X | G72: X | H72: 1 | I72: 1 | J72: =IF($B$5="","",IF($B$5="ORD",D72,IF($B$5="CON",E72,IF($B$5="AGI",F72,G72)))) -> X | K72: =IF(OR(H72=0,I72=0,J72=""),0,IF(IF(J72="X",1,IF(J72="P",$B$6,IF(J72="C",$B$7,IF(J72="DR",$B$8,IF(J72="T",$B$9,0)))))=1,1,0)) -> 1 | L72: =IF(K72=0,"",IF(LEN(TRIM(Scheda_2!$D$55&""))=0,"MANCANTE",IF(LEFT(LOWER(TRIM(Scheda_2!$D$55&"")),7)="non not","NON NOTO","ok"))) -> ok
A73: D02 | B73: Data del titolo originario (nessun numero di protocollo) | C73: Stato legittimo e difformità | D73: X | F73: X | G73: X | H73: 1 | I73: =IF(AND(Scheda_2!$D$55<>"",Scheda_2!$D$55<>"Non noto",LEFT(Scheda_2!$D$55,6)<>"Nessun"),1,0) -> 0 | J73: =IF($B$5="","",IF($B$5="ORD",D73,IF($B$5="CON",E73,IF($B$5="AGI",F73,G73)))) -> X | K73: =IF(OR(H73=0,I73=0,J73=""),0,IF(IF(J73="X",1,IF(J73="P",$B$6,IF(J73="C",$B$7,IF(J73="DR",$B$8,IF(J73="T",$B$9,0)))))=1,1,0)) -> 0 | L73: =IF(K73=0,"",IF(LEN(TRIM(Scheda_2!$D$56&""))=0,"MANCANTE",IF(LEFT(LOWER(TRIM(Scheda_2!$D$56&"")),7)="non not","NON NOTO","ok")))
A74: D03 | B74: Epoca di costruzione | C74: Stato legittimo e difformità | D74: X | E74: X | G74: X | H74: 1 | I74: 1 | J74: =IF($B$5="","",IF($B$5="ORD",D74,IF($B$5="CON",E74,IF($B$5="AGI",F74,G74)))) -> X | K74: =IF(OR(H74=0,I74=0,J74=""),0,IF(IF(J74="X",1,IF(J74="P",$B$6,IF(J74="C",$B$7,IF(J74="DR",$B$8,IF(J74="T",$B$9,0)))))=1,1,0)) -> 1 | L74: =IF(K74=0,"",IF(LEN(TRIM(Scheda_2!$D$57&""))=0,"MANCANTE",IF(LEFT(LOWER(TRIM(Scheda_2!$D$57&"")),7)="non not","NON NOTO","ok"))) -> ok
A75: D04 | B75: Edificio già oggetto di condono rilasciato | C75: Stato legittimo e difformità | D75: X | F75: X | G75: X | H75: 1 | I75: 1 | J75: =IF($B$5="","",IF($B$5="ORD",D75,IF($B$5="CON",E75,IF($B$5="AGI",F75,G75)))) -> X | K75: =IF(OR(H75=0,I75=0,J75=""),0,IF(IF(J75="X",1,IF(J75="P",$B$6,IF(J75="C",$B$7,IF(J75="DR",$B$8,IF(J75="T",$B$9,0)))))=1,1,0)) -> 1 | L75: =IF(K75=0,"",IF(LEN(TRIM(Scheda_2!$D$58&""))=0,"MANCANTE",IF(LEFT(LOWER(TRIM(Scheda_2!$D$58&"")),7)="non not","NON NOTO","ok"))) -> ok
A76: D05 | B76: Stato legittimo | C76: Stato legittimo e difformità | D76: X | G76: X | H76: 1 | I76: 1 | J76: =IF($B$5="","",IF($B$5="ORD",D76,IF($B$5="CON",E76,IF($B$5="AGI",F76,G76)))) -> X | K76: =IF(OR(H76=0,I76=0,J76=""),0,IF(IF(J76="X",1,IF(J76="P",$B$6,IF(J76="C",$B$7,IF(J76="DR",$B$8,IF(J76="T",$B$9,0)))))=1,1,0)) -> 1 | L76: =IF(K76=0,"",IF(LEN(TRIM(Scheda_2!$D$59&""))=0,"MANCANTE",IF(LEFT(LOWER(TRIM(Scheda_2!$D$59&"")),7)="non not","NON NOTO","ok"))) -> ok
A77: D06 | B77: Difformità presenti rispetto allo stato legittimo | C77: Stato legittimo e difformità | D77: X | E77: X | F77: X | G77: X | H77: 1 | I77: 1 | J77: =IF($B$5="","",IF($B$5="ORD",D77,IF($B$5="CON",E77,IF($B$5="AGI",F77,G77)))) -> X | K77: =IF(OR(H77=0,I77=0,J77=""),0,IF(IF(J77="X",1,IF(J77="P",$B$6,IF(J77="C",$B$7,IF(J77="DR",$B$8,IF(J77="T",$B$9,0)))))=1,1,0)) -> 1 | L77: =IF(K77=0,"",IF(LEN(TRIM(Scheda_2!$D$60&""))=0,"MANCANTE",IF(LEFT(LOWER(TRIM(Scheda_2!$D$60&"")),7)="non not","NON NOTO","ok"))) -> ok
A78: D07 | B78: Qualificazione proposta della difformità | C78: Stato legittimo e difformità | D78: X | E78: X | F78: X | G78: X | H78: 1 | I78: =IF(Scheda_2!$D$60="Sì",1,0) -> 1 | J78: =IF($B$5="","",IF($B$5="ORD",D78,IF($B$5="CON",E78,IF($B$5="AGI",F78,G78)))) -> X | K78: =IF(OR(H78=0,I78=0,J78=""),0,IF(IF(J78="X",1,IF(J78="P",$B$6,IF(J78="C",$B$7,IF(J78="DR",$B$8,IF(J78="T",$B$9,0)))))=1,1,0)) -> 1 | L78: =IF(K78=0,"",IF(LEN(TRIM(Scheda_2!$D$61&""))=0,"MANCANTE",IF(LEFT(LOWER(TRIM(Scheda_2!$D$61&"")),7)="non not","NON NOTO","ok"))) -> ok
A79: D08 | B79: Data di realizzazione dell'abuso / delle opere difformi | C79: Stato legittimo e difformità | E79: X | G79: X | H79: 1 | I79: 1 | J79: =IF($B$5="","",IF($B$5="ORD",D79,IF($B$5="CON",E79,IF($B$5="AGI",F79,G79)))) -> 0 | K79: =IF(OR(H79=0,I79=0,J79=""),0,IF(IF(J79="X",1,IF(J79="P",$B$6,IF(J79="C",$B$7,IF(J79="DR",$B$8,IF(J79="T",$B$9,0)))))=1,1,0)) -> 0 | L79: =IF(K79=0,"",IF(LEN(TRIM(Scheda_2!$D$62&""))=0,"MANCANTE",IF(LEFT(LOWER(TRIM(Scheda_2!$D$62&"")),7)="non not","NON NOTO","ok")))
A80: D09 | B80: Data di ultimazione delle opere | C80: Stato legittimo e difformità | E80: X | F80: X | G80: X | H80: 1 | I80: 1 | J80: =IF($B$5="","",IF($B$5="ORD",D80,IF($B$5="CON",E80,IF($B$5="AGI",F80,G80)))) -> 0 | K80: =IF(OR(H80=0,I80=0,J80=""),0,IF(IF(J80="X",1,IF(J80="P",$B$6,IF(J80="C",$B$7,IF(J80="DR",$B$8,IF(J80="T",$B$9,0)))))=1,1,0)) -> 0 | L80: =IF(K80=0,"",IF(LEN(TRIM(Scheda_2!$D$63&""))=0,"MANCANTE",IF(LEFT(LOWER(TRIM(Scheda_2!$D$63&"")),7)="non not","NON NOTO","ok")))
A81: D10 | B81: Documentazione che prova la data | C81: Stato legittimo e difformità | E81: X | G81: X | H81: 1 | I81: 1 | J81: =IF($B$5="","",IF($B$5="ORD",D81,IF($B$5="CON",E81,IF($B$5="AGI",F81,G81)))) -> 0 | K81: =IF(OR(H81=0,I81=0,J81=""),0,IF(IF(J81="X",1,IF(J81="P",$B$6,IF(J81="C",$B$7,IF(J81="DR",$B$8,IF(J81="T",$B$9,0)))))=1,1,0)) -> 0 | L81: =IF(K81=0,"",IF(LEN(TRIM(Scheda_2!$D$64&""))=0,"MANCANTE",IF(LEFT(LOWER(TRIM(Scheda_2!$D$64&"")),7)="non not","NON NOTO","ok")))
A82: D11 | B82: Superficie utile assentita dell'unità | C82: Stato legittimo e difformità | G82: X | H82: 1 | I82: =IF(Scheda_2!$D$60="Sì",1,0) -> 1 | J82: =IF($B$5="","",IF($B$5="ORD",D82,IF($B$5="CON",E82,IF($B$5="AGI",F82,G82)))) -> 0 | K82: =IF(OR(H82=0,I82=0,J82=""),0,IF(IF(J82="X",1,IF(J82="P",$B$6,IF(J82="C",$B$7,IF(J82="DR",$B$8,IF(J82="T",$B$9,0)))))=1,1,0)) -> 0 | L82: =IF(K82=0,"",IF(LEN(TRIM(Scheda_2!$D$65&""))=0,"MANCANTE",IF(LEFT(LOWER(TRIM(Scheda_2!$D$65&"")),7)="non not","NON NOTO","ok")))
A83: D12 | B83: Volume assentito | C83: Stato legittimo e difformità | G83: X | H83: 1 | I83: =IF(Scheda_2!$D$60="Sì",1,0) -> 1 | J83: =IF($B$5="","",IF($B$5="ORD",D83,IF($B$5="CON",E83,IF($B$5="AGI",F83,G83)))) -> 0 | K83: =IF(OR(H83=0,I83=0,J83=""),0,IF(IF(J83="X",1,IF(J83="P",$B$6,IF(J83="C",$B$7,IF(J83="DR",$B$8,IF(J83="T",$B$9,0)))))=1,1,0)) -> 0 | L83: =IF(K83=0,"",IF(LEN(TRIM(Scheda_2!$D$66&""))=0,"MANCANTE",IF(LEFT(LOWER(TRIM(Scheda_2!$D$66&"")),7)="non not","NON NOTO","ok")))
A84: D13 | B84: Volume realizzato | C84: Stato legittimo e difformità | G84: X | H84: 1 | I84: =IF(Scheda_2!$D$60="Sì",1,0) -> 1 | J84: =IF($B$5="","",IF($B$5="ORD",D84,IF($B$5="CON",E84,IF($B$5="AGI",F84,G84)))) -> 0 | K84: =IF(OR(H84=0,I84=0,J84=""),0,IF(IF(J84="X",1,IF(J84="P",$B$6,IF(J84="C",$B$7,IF(J84="DR",$B$8,IF(J84="T",$B$9,0)))))=1,1,0)) -> 0 | L84: =IF(K84=0,"",IF(LEN(TRIM(Scheda_2!$D$67&""))=0,"MANCANTE",IF(LEFT(LOWER(TRIM(Scheda_2!$D$67&"")),7)="non not","NON NOTO","ok")))
A85: D14 | B85: Superficie coperta assentita | C85: Stato legittimo e difformità | G85: X | H85: 1 | I85: =IF(Scheda_2!$D$60="Sì",1,0) -> 1 | J85: =IF($B$5="","",IF($B$5="ORD",D85,IF($B$5="CON",E85,IF($B$5="AGI",F85,G85)))) -> 0 | K85: =IF(OR(H85=0,I85=0,J85=""),0,IF(IF(J85="X",1,IF(J85="P",$B$6,IF(J85="C",$B$7,IF(J85="DR",$B$8,IF(J85="T",$B$9,0)))))=1,1,0)) -> 0 | L85: =IF(K85=0,"",IF(LEN(TRIM(Scheda_2!$D$68&""))=0,"MANCANTE",IF(LEFT(LOWER(TRIM(Scheda_2!$D$68&"")),7)="non not","NON NOTO","ok")))
A86: D15 | B86: Superficie coperta realizzata | C86: Stato legittimo e difformità | G86: X | H86: 1 | I86: =IF(Scheda_2!$D$60="Sì",1,0) -> 1 | J86: =IF($B$5="","",IF($B$5="ORD",D86,IF($B$5="CON",E86,IF($B$5="AGI",F86,G86)))) -> 0 | K86: =IF(OR(H86=0,I86=0,J86=""),0,IF(IF(J86="X",1,IF(J86="P",$B$6,IF(J86="C",$B$7,IF(J86="DR",$B$8,IF(J86="T",$B$9,0)))))=1,1,0)) -> 0 | L86: =IF(K86=0,"",IF(LEN(TRIM(Scheda_2!$D$69&""))=0,"MANCANTE",IF(LEFT(LOWER(TRIM(Scheda_2!$D$69&"")),7)="non not","NON NOTO","ok")))
A87: D16 | B87: Altezza assentita | C87: Stato legittimo e difformità | G87: X | H87: 1 | I87: =IF(Scheda_2!$D$60="Sì",1,0) -> 1 | J87: =IF($B$5="","",IF($B$5="ORD",D87,IF($B$5="CON",E87,IF($B$5="AGI",F87,G87)))) -> 0 | K87: =IF(OR(H87=0,I87=0,J87=""),0,IF(IF(J87="X",1,IF(J87="P",$B$6,IF(J87="C",$B$7,IF(J87="DR",$B$8,IF(J87="T",$B$9,0)))))=1,1,0)) -> 0 | L87: =IF(K87=0,"",IF(LEN(TRIM(Scheda_2!$D$70&""))=0,"MANCANTE",IF(LEFT(LOWER(TRIM(Scheda_2!$D$70&"")),7)="non not","NON NOTO","ok")))
A88: D17 | B88: Altezza realizzata | C88: Stato legittimo e difformità | G88: X | H88: 1 | I88: =IF(Scheda_2!$D$60="Sì",1,0) -> 1 | J88: =IF($B$5="","",IF($B$5="ORD",D88,IF($B$5="CON",E88,IF($B$5="AGI",F88,G88)))) -> 0 | K88: =IF(OR(H88=0,I88=0,J88=""),0,IF(IF(J88="X",1,IF(J88="P",$B$6,IF(J88="C",$B$7,IF(J88="DR",$B$8,IF(J88="T",$B$9,0)))))=1,1,0)) -> 0 | L88: =IF(K88=0,"",IF(LEN(TRIM(Scheda_2!$D$71&""))=0,"MANCANTE",IF(LEFT(LOWER(TRIM(Scheda_2!$D$71&"")),7)="non not","NON NOTO","ok")))
A89: D18 | B89: Distacco minimo assentito | C89: Stato legittimo e difformità | G89: X | H89: 1 | I89: =IF(Scheda_2!$D$60="Sì",1,0) -> 1 | J89: =IF($B$5="","",IF($B$5="ORD",D89,IF($B$5="CON",E89,IF($B$5="AGI",F89,G89)))) -> 0 | K89: =IF(OR(H89=0,I89=0,J89=""),0,IF(IF(J89="X",1,IF(J89="P",$B$6,IF(J89="C",$B$7,IF(J89="DR",$B$8,IF(J89="T",$B$9,0)))))=1,1,0)) -> 0 | L89: =IF(K89=0,"",IF(LEN(TRIM(Scheda_2!$D$72&""))=0,"MANCANTE",IF(LEFT(LOWER(TRIM(Scheda_2!$D$72&"")),7)="non not","NON NOTO","ok")))
A90: D19 | B90: Distacco minimo realizzato | C90: Stato legittimo e difformità | G90: X | H90: 1 | I90: =IF(Scheda_2!$D$60="Sì",1,0) -> 1 | J90: =IF($B$5="","",IF($B$5="ORD",D90,IF($B$5="CON",E90,IF($B$5="AGI",F90,G90)))) -> 0 | K90: =IF(OR(H90=0,I90=0,J90=""),0,IF(IF(J90="X",1,IF(J90="P",$B$6,IF(J90="C",$B$7,IF(J90="DR",$B$8,IF(J90="T",$B$9,0)))))=1,1,0)) -> 0 | L90: =IF(K90=0,"",IF(LEN(TRIM(Scheda_2!$D$73&""))=0,"MANCANTE",IF(LEFT(LOWER(TRIM(Scheda_2!$D$73&"")),7)="non not","NON NOTO","ok")))
A91: D20 | B91: Titoli o domande sulla stessa unità negli ultimi 5 anni (elenco: tipo e anno, senza estremi) | C91: Stato legittimo e difformità | D91: P | H91: 1 | I91: 1 | J91: =IF($B$5="","",IF($B$5="ORD",D91,IF($B$5="CON",E91,IF($B$5="AGI",F91,G91)))) -> P | K91: =IF(OR(H91=0,I91=0,J91=""),0,IF(IF(J91="X",1,IF(J91="P",$B$6,IF(J91="C",$B$7,IF(J91="DR",$B$8,IF(J91="T",$B$9,0)))))=1,1,0)) -> 0 | L91: =IF(K91=0,"",IF(LEN(TRIM(Scheda_2!$D$74&""))=0,"MANCANTE",IF(LEFT(LOWER(TRIM(Scheda_2!$D$74&"")),7)="non not","NON NOTO","ok")))
A92: D21 | B92: Uso agricolo del fondo documentato | C92: Stato legittimo e difformità | D92: X | E92: X | G92: X | H92: 1 | I92: =IF(IFERROR(VLOOKUP(Scheda_2!$D$26,Elenchi!$J$2:$N$40,5,FALSE()),0)=1,1,0) -> 0 | J92: =IF($B$5="","",IF($B$5="ORD",D92,IF($B$5="CON",E92,IF($B$5="AGI",F92,G92)))) -> X | K92: =IF(OR(H92=0,I92=0,J92=""),0,IF(IF(J92="X",1,IF(J92="P",$B$6,IF(J92="C",$B$7,IF(J92="DR",$B$8,IF(J92="T",$B$9,0)))))=1,1,0)) -> 0 | L92: =IF(K92=0,"",IF(LEN(TRIM(Scheda_2!$D$75&""))=0,"MANCANTE",IF(LEFT(LOWER(TRIM(Scheda_2!$D$75&"")),7)="non not","NON NOTO","ok")))
A93: D22 | B93: Piano di sviluppo aziendale presentato (campo aggiunto) | C93: Stato legittimo e difformità | D93: X | H93: 1 | I93: =IF(AND(IFERROR(VLOOKUP(Scheda_2!$D$26,Elenchi!$J$2:$N$40,5,FALSE()),0)=1,Scheda_2!$D$20="Nuova costruzione"),1,0) -> 0 | J93: =IF($B$5="","",IF($B$5="ORD",D93,IF($B$5="CON",E93,IF($B$5="AGI",F93,G93)))) -> X | K93: =IF(OR(H93=0,I93=0,J93=""),0,IF(IF(J93="X",1,IF(J93="P",$B$6,IF(J93="C",$B$7,IF(J93="DR",$B$8,IF(J93="T",$B$9,0)))))=1,1,0)) -> 0 | L93: =IF(K93=0,"",IF(LEN(TRIM(Scheda_2!$D$76&""))=0,"MANCANTE",IF(LEFT(LOWER(TRIM(Scheda_2!$D$76&"")),7)="non not","NON NOTO","ok")))
A94: E01 | B94: Superficie fondiaria (S.F.) | C94: Parametri edilizi | D94: P | G94: P | H94: 1 | I94: 1 | J94: =IF($B$5="","",IF($B$5="ORD",D94,IF($B$5="CON",E94,IF($B$5="AGI",F94,G94)))) -> P | K94: =IF(OR(H94=0,I94=0,J94=""),0,IF(IF(J94="X",1,IF(J94="P",$B$6,IF(J94="C",$B$7,IF(J94="DR",$B$8,IF(J94="T",$B$9,0)))))=1,1,0)) -> 0 | L94: =IF(K94=0,"",IF(LEN(TRIM(Scheda_2!$D$79&""))=0,"MANCANTE",IF(LEFT(LOWER(TRIM(Scheda_2!$D$79&"")),7)="non not","NON NOTO","ok")))
A95: E02 | B95: Superficie coperta (S.C.) – stato di fatto | C95: Parametri edilizi | D95: P | G95: P | H95: 1 | I95: 1 | J95: =IF($B$5="","",IF($B$5="ORD",D95,IF($B$5="CON",E95,IF($B$5="AGI",F95,G95)))) -> P | K95: =IF(OR(H95=0,I95=0,J95=""),0,IF(IF(J95="X",1,IF(J95="P",$B$6,IF(J95="C",$B$7,IF(J95="DR",$B$8,IF(J95="T",$B$9,0)))))=1,1,0)) -> 0 | L95: =IF(K95=0,"",IF(LEN(TRIM(Scheda_2!$D$80&""))=0,"MANCANTE",IF(LEFT(LOWER(TRIM(Scheda_2!$D$80&"")),7)="non not","NON NOTO","ok")))
A96: E03 | B96: Superficie coperta (S.C.) – progetto | C96: Parametri edilizi | D96: P | G96: P | H96: 1 | I96: 1 | J96: =IF($B$5="","",IF($B$5="ORD",D96,IF($B$5="CON",E96,IF($B$5="AGI",F96,G96)))) -> P | K96: =IF(OR(H96=0,I96=0,J96=""),0,IF(IF(J96="X",1,IF(J96="P",$B$6,IF(J96="C",$B$7,IF(J96="DR",$B$8,IF(J96="T",$B$9,0)))))=1,1,0)) -> 0 | L96: =IF(K96=0,"",IF(LEN(TRIM(Scheda_2!$D$81&""))=0,"MANCANTE",IF(LEFT(LOWER(TRIM(Scheda_2!$D$81&"")),7)="non not","NON NOTO","ok")))
A97: E04 | B97: Superficie utile (S.U.) – stato di fatto | C97: Parametri edilizi | D97: P | G97: P | H97: 1 | I97: 1 | J97: =IF($B$5="","",IF($B$5="ORD",D97,IF($B$5="CON",E97,IF($B$5="AGI",F97,G97)))) -> P | K97: =IF(OR(H97=0,I97=0,J97=""),0,IF(IF(J97="X",1,IF(J97="P",$B$6,IF(J97="C",$B$7,IF(J97="DR",$B$8,IF(J97="T",$B$9,0)))))=1,1,0)) -> 0 | L97: =IF(K97=0,"",IF(LEN(TRIM(Scheda_2!$D$82&""))=0,"MANCANTE",IF(LEFT(LOWER(TRIM(Scheda_2!$D$82&"")),7)="non not","NON NOTO","ok")))
A98: E05 | B98: Superficie utile (S.U.) – progetto | C98: Parametri edilizi | D98: P | G98: P | H98: 1 | I98: 1 | J98: =IF($B$5="","",IF($B$5="ORD",D98,IF($B$5="CON",E98,IF($B$5="AGI",F98,G98)))) -> P | K98: =IF(OR(H98=0,I98=0,J98=""),0,IF(IF(J98="X",1,IF(J98="P",$B$6,IF(J98="C",$B$7,IF(J98="DR",$B$8,IF(J98="T",$B$9,0)))))=1,1,0)) -> 0 | L98: =IF(K98=0,"",IF(LEN(TRIM(Scheda_2!$D$83&""))=0,"MANCANTE",IF(LEFT(LOWER(TRIM(Scheda_2!$D$83&"")),7)="non not","NON NOTO","ok")))
A99: E06 | B99: Volume (V.C.) – stato di fatto | C99: Parametri edilizi | D99: P | G99: P | H99: 1 | I99: 1 | J99: =IF($B$5="","",IF($B$5="ORD",D99,IF($B$5="CON",E99,IF($B$5="AGI",F99,G99)))) -> P | K99: =IF(OR(H99=0,I99=0,J99=""),0,IF(IF(J99="X",1,IF(J99="P",$B$6,IF(J99="C",$B$7,IF(J99="DR",$B$8,IF(J99="T",$B$9,0)))))=1,1,0)) -> 0 | L99: =IF(K99=0,"",IF(LEN(TRIM(Scheda_2!$D$84&""))=0,"MANCANTE",IF(LEFT(LOWER(TRIM(Scheda_2!$D$84&"")),7)="non not","NON NOTO","ok")))
A100: E07 | B100: Volume (V.C.) – progetto | C100: Parametri edilizi | D100: P | G100: P | H100: 1 | I100: 1 | J100: =IF($B$5="","",IF($B$5="ORD",D100,IF($B$5="CON",E100,IF($B$5="AGI",F100,G100)))) -> P | K100: =IF(OR(H100=0,I100=0,J100=""),0,IF(IF(J100="X",1,IF(J100="P",$B$6,IF(J100="C",$B$7,IF(J100="DR",$B$8,IF(J100="T",$B$9,0)))))=1,1,0)) -> 0 | L100: =IF(K100=0,"",IF(LEN(TRIM(Scheda_2!$D$85&""))=0,"MANCANTE",IF(LEFT(LOWER(TRIM(Scheda_2!$D$85&"")),7)="non not","NON NOTO","ok")))
A101: E08 | B101: Altezza (H.F./H.M.) – stato di fatto | C101: Parametri edilizi | D101: P | G101: P | H101: 1 | I101: 1 | J101: =IF($B$5="","",IF($B$5="ORD",D101,IF($B$5="CON",E101,IF($B$5="AGI",F101,G101)))) -> P | K101: =IF(OR(H101=0,I101=0,J101=""),0,IF(IF(J101="X",1,IF(J101="P",$B$6,IF(J101="C",$B$7,IF(J101="DR",$B$8,IF(J101="T",$B$9,0)))))=1,1,0)) -> 0 | L101: =IF(K101=0,"",IF(LEN(TRIM(Scheda_2!$D$86&""))=0,"MANCANTE",IF(LEFT(LOWER(TRIM(Scheda_2!$D$86&"")),7)="non not","NON NOTO","ok")))
A102: E09 | B102: Altezza (H.F./H.M.) – progetto | C102: Parametri edilizi | D102: P | G102: P | H102: 1 | I102: 1 | J102: =IF($B$5="","",IF($B$5="ORD",D102,IF($B$5="CON",E102,IF($B$5="AGI",F102,G102)))) -> P | K102: =IF(OR(H102=0,I102=0,J102=""),0,IF(IF(J102="X",1,IF(J102="P",$B$6,IF(J102="C",$B$7,IF(J102="DR",$B$8,IF(J102="T",$B$9,0)))))=1,1,0)) -> 0 | L102: =IF(K102=0,"",IF(LEN(TRIM(Scheda_2!$D$87&""))=0,"MANCANTE",IF(LEFT(LOWER(TRIM(Scheda_2!$D$87&"")),7)="non not","NON NOTO","ok")))
A103: E10 | B103: Numero piani (N.P.) – stato di fatto | C103: Parametri edilizi | D103: P | G103: P | H103: 1 | I103: 1 | J103: =IF($B$5="","",IF($B$5="ORD",D103,IF($B$5="CON",E103,IF($B$5="AGI",F103,G103)))) -> P | K103: =IF(OR(H103=0,I103=0,J103=""),0,IF(IF(J103="X",1,IF(J103="P",$B$6,IF(J103="C",$B$7,IF(J103="DR",$B$8,IF(J103="T",$B$9,0)))))=1,1,0)) -> 0 | L103: =IF(K103=0,"",IF(LEN(TRIM(Scheda_2!$D$88&""))=0,"MANCANTE",IF(LEFT(LOWER(TRIM(Scheda_2!$D$88&"")),7)="non not","NON NOTO","ok")))
...

Sheet Elenchi
A1: Tipo di procedimento | B1: Gruppo (ORD/CON/AGI/ACC) | D1: Qualificazione dell'intervento | E1: P: ha parametri edilizi (1/0) | F1: C: può cambiare uso/carico (1/0) | G1: DR: demolizione-ricostruzione (1/0) | H1: T: intervento tetto (1/0) | J1: Ambito PUC (articolo NTA) | K1: Art. | L1: Zona A-F di default (sez. 35.0) | M1: Colonna K3 | N1: Ambito agricolo (1/0) | Q1: SN | R1: SNNN | S1: ACQ | T1: ZONA | U1: RISCHIO | V1: INAREA | W1: PTP | X1: PARCO | Y1: FASCIA | Z1: DPR31 | AA1: CATSISM | AB1: TITORIG | AC1: EPOCA | AD1: STATOLEG | AE1: DIFFQUAL | AF1: DOCDATA | AG1: PARKUBIC | AH1: USO | AI1: PARERE | AJ1: TIPOL | AK1: LETT380 | AL1: ONERIDEF | AM1: LRTIPO | AN1: RECMAT | AO1: LEGIT | AP1: K3TIPO | AQ1: IFCLASS | AR1: PROCPAES | AS1: ANCORAGGIO | AT1: MUSO | AU1: LEGGEPEND | AV1: PTIPO | AW1: SWITCH
A2: PdC | B2: ORD | D2: Manutenzione ordinaria | E2: 0 | F2: 0 | G2: 0 | H2: 0 | J2: Art. 7 – Collinari e montani di tutela naturale | K2: 7 | L2: E | M2: E | N2: 1 | Q2: Sì | R2: Sì | S2: Acquisita | T2: A | U2: Nessuno | V2: Interamente | W2: PI | X2: Dentro | Y2: Nessuna | Z2: Nessuna voce | AA2: Rilevante | AB2: Permesso di costruire / licenza / concessione | AC2: Ante 1945 | AD2: Accertato | AE2: Assenza di titolo | AF2: Foto aeree / ortofoto | AG2: Nel lotto (in superficie) | AH2: A – Abitativo | AI2: Acquisito | AJ2: 1 – Senza titolo, non conformi | AK2: b | AL2: Sì, entro il termine | AM2: Recupero abitativo del sottotetto | AN2: Muratura | AO2: Legittimo | AP2: Residenziale (nuova costruzione) | AQ2: If < 1,50 mc/mq | AR2: Autorizzazione ordinaria (art. 146) | AS2: Ancorato stabilmente | AT2: Agricolo | AU2: L. 47/85 | AV2: Manutenzione ordinaria | AW2: Sì
A3: SCIA | B3: ORD | D3: Manutenzione straordinaria | E3: 0 | F3: 0 | G3: 0 | H3: 0 | J3: Art. 8 – Agricoli di salvaguardia | K3: 8 | L3: E | M3: E | N3: 1 | Q3: No | R3: No | S3: Non acquisita | T3: B | U3: R1 | V3: Parzialmente | W3: RUA | X3: Contiguo | Y3: Stradale | Z3: Allegato A (esclusa) | AA3: Di minore rilevanza | AB3: SCIA / DIA | AC3: 1945-1955 | AD3: Da acquisire d'ufficio | AE3: Totale difformità | AF3: Catasto storico | AG3: Interrato | AH3: B – Industriale/artigianale | AI3: Non acquisito | AJ3: 2 – Senza titolo, conformi | AK3: c | AL3: Sì, oltre il termine | AM3: Piscina interrata | AN3: Calcestruzzo | AO3: Sanato L. 47/85 | AP3: Edilizia convenzionata o sovvenzionata | AQ3: 1,50 ≤ If ≤ 3,00 mc/mq | AR3: Semplificata (DPR 31/2017) | AS3: Amovibile | AT3: Pertinenziale | AU3: L. 724/94 | AV3: Manutenzione straordinaria | AW3: No
A4: SCIA alternativa al PdC | B4: ORD | D4: Restauro e risanamento conservativo | E4: 0 | F4: 0 | G4: 0 | H4: 0 | J4: Art. 9 – Agricoli pedecollinari e di pianura | K4: 9 | L4: E | M4: E | N4: 1 | Q4: Non noto | R4: Non necessario | S4: Non necessaria | T4: B-PUA | U4: R2 | V4: No | W4: Altra zona PTP | X4: Fuori | Y4: Ferroviaria | Z4: Allegato B (semplificata) | AA4: Privo di rilevanza | AB4: Condono rilasciato | AC4: Dopo il 1955 | AE4: Variazioni essenziali | AF4: Atto o certificazione ufficiale | AG4: Fuori lotto | AH4: C – Terziario | AI4: Dissenso | AJ4: 3 – Ristrutturazione edilizia | AK4: d | AL4: No | AM4: Muro di cinta / recinzione | AN4: Rete metallica / siepe | AO4: Sanato L. 724/94 | AP4: Terziaria direzionale o commerciale | AQ4: If > 3,00 mc/mq | AR4: Scheda semplificata (DPCM 12/12/2005) | AS4: Non noto | AT4: Altro | AV4: Efficientamento energetico
A5: CILA | B5: ORD | D5: Ristrutturazione edilizia senza demolizione | E5: 1 | F5: 1 | G5: 0 | H5: 0 | J5: Art. 10 – Agricoli periurbani | K5: 10 | L5: E | M5: E | N5: 1 | R5: Non noto | S5: Non noto | T5: C | U5: R3 | V5: Non noto | W5: Fuori perimetro PTP | X5: Non noto | Y5: Fluviale o canali | Z5: Non noto | AB5: Nessun titolo (abusivo) | AC5: Non nota | AE5: Parziale difformità | AF5: Altra documentazione | AG5: Non previsti | AH5: D – Commerciale | AI5: Non richiesto | AJ5: 4 – Restauro e risanamento (zona A) | AM5: Delocalizzazione dalla zona rossa | AN5: Altro | AO5: Sanato L. 326/03 | AP5: Turistica residenziale | AR5: Non necessaria | AV5: Restauro e risanamento conservativo
A6: Edilizia libera | B6: ORD | D6: Ristrutturazione con demolizione e ricostruzione | E6: 1 | F6: 1 | G6: 1 | H6: 0 | J6: Art. 11 – Agricoli urbani | K6: 11 | L6: E | M6: E | N6: 1 | T6: D | U6: R4 | W6: Non noto | Y6: Elettrodotto | AB6: Nessun titolo (preesistente all'obbligo di titolo) | AE6: Tolleranza (art. 34-bis) | AF6: Nessuna | AH6: E – Ricettivo | AJ6: 5 – Restauro e risanamento | AM6: Altro | AO6: Non legittimo | AP6: Attrezzature di tempo libero | AR6: Non noto | AV6: Altro (eccedente)
A7: Condono L. 47/85 | B7: CON | D7: Ristrutturazione urbanistica | E7: 1 | F7: 1 | G7: 0 | H7: 0 | J7: Art. 12 – Florovivaismo | K7: 12 | L7: E | M7: E | N7: 1 | T7: E | U7: Non noto | Y7: Captazione acque | AB7: Non noto | AH7: F – Ricreativo | AJ7: 6 – Manutenzione straordinaria | AP7: Ristrutturazione con incremento di superficie
A8: Condono L. 724/94 | B8: CON | D8: Nuova costruzione | E8: 1 | F8: 1 | G8: 0 | H8: 0 | J8: Art. 14 – Recupero e valorizzazione (centri storici) | K8: 14 | L8: A | M8: A | N8: 0 | T8: F | Y8: Cimiteriale | AH8: G – Attrezzature pubbliche | AP8: Ristrutturazione con variazione d'uso
A9: Condono L. 326/03 | B9: CON | D9: Ampliamento | E9: 1 | F9: 1 | G9: 0 | H9: 0 | J9: Art. 15 – Urbani consolidati | K9: 15 | L9: B | M9: B – intervento diretto | N9: 0 | Y9: Più di una | AH9: H – Rurale | AP9: Ristrutturazione non convenzionata fuori legge
A10: Agibilità | B10: AGI | D10: Sopraelevazione | E10: 1 | F10: 1 | G10: 0 | H10: 0 | J10: Art. 16 – Urbani di riassetto, parti edificate | K10: 16 | L10: B | M10: B – intervento diretto | N10: 0 | Y10: Non noto | AP10: Ristrutturazione urbanistica (foglio ufficio)
A11: Accertamento di conformità art. 36 | B11: ACC | D11: Cambio d'uso senza opere | E11: 0 | F11: 1 | G11: 0 | H11: 0 | J11: Art. 16 – Urbani di riassetto, parti libere soggette a PUA | K11: 16 | L11: B-PUA | M11: B – PUA (foglio ufficio) | N11: 0 | AP11: Impianti industriali e artigianali
A12: Accertamento di conformità art. 36-bis | B12: ACC | D12: Cambio d'uso con opere | E12: 1 | F12: 1 | G12: 0 | H12: 0 | J12: Art. 17 – Ambiti di trasformabilità (disposizioni generali) | K12: 17 | M12: non in tabella 35.0: indicare la zona | N12: 0 | AP12: Altro (descrivere)
D13: Intervento «tetto» (copertura piana → tetto) | E13: 1 | F13: 0 | G13: 0 | H13: 1 | J13: Art. 18 – Trasformabilità strategica ATS-1 (decaduto), ATS-3, 4, 5 | K13: 18 | L13: C | M13: C | N13: 0
D14: Recupero abitativo del sottotetto | E14: 1 | F14: 1 | G14: 0 | H14: 0 | J14: Art. 19 – Trasformabilità integrata (ATI) | K14: 19 | L14: C | M14: C | N14: 0
D15: Pertinenze e manufatti (tettoie, autorimesse, volumi tecnici) | E15: 1 | F15: 0 | G15: 0 | H15: 0 | J15: Art. 20 – Produttive esistenti interne | K15: 20 | L15: D | M15: D | N15: 0
D16: Demolizione senza ricostruzione | E16: 0 | F16: 0 | G16: 0 | H16: 0 | J16: Art. 21 – Produttive esistenti esterne | K16: 21 | L16: D | M16: D | N16: 0
D17: Altro (specificare nella descrizione) | E17: 1 | F17: 1 | G17: 0 | H17: 0 | J17: Art. 22 – Produttive di riassetto e completamento | K17: 22 | L17: D | M17: D | N17: 0
J18: Art. 23 – Produttive incompatibili | K18: 23 | L18: D | M18: D | N18: 0
J19: Art. 24 – Produttive dismesse | K19: 24 | L19: D | M19: D | N19: 0
J20: Art. 25 – Distributori di carburante | K20: 25 | L20: D | M20: D | N20: 0
J21: Art. 26 – Attività turistiche e ricettive esistenti | K21: 26 | L21: B | M21: B – intervento diretto | N21: 0
J22: Art. 27 – Trasformabilità per attività produttive (ATP) | K22: 27 | L22: D | M22: D | N22: 0
J23: Art. 28 – Attrezzature pubbliche locali | K23: 28 | L23: F | M23: F | N23: 0
J24: Artt. 29 e 47 – Attrezzature pubbliche territoriali | K24: 29 | L24: F | M24: F | N24: 0
J25: Art. 30 – Attrezzature private esistenti | K25: 30 | L25: F | M25: F | N25: 0
J26: Art. 30 bis – Attrezzature private dismesse | K26: 30 bis | L26: F | M26: F | N26: 0
J27: Art. 31 – Servizi generali e impianti tecnologici | K27: 31 | L27: F | M27: F | N27: 0
J28: Artt. 32-35 – Sistema infrastrutturale (nessuna zona) | K28: 32-35 | M28: nessuna corrispondenza | N28: 0
J29: Altro / non noto | N29: 0
J31: Default = assimilazione ambiti NTA → zone DM 1444/68 (sez. 35.0, decisioni dell'utente del 19/10/2026): non è una norma; se la scheda indica la zona, prevale.
